2026-09-07T15:11:28+00:00 INFO    [event=application.started] IPTV-API 版本: 3.0.0 (构建时间: 2026-08-07 11:45:59)
2026-09-07T15:11:29+00:00 INFO    [phase=prepare event=network.ipv6.checking] 🛜 正在检查当前网络是否支持IPv6...
2026-09-07T15:11:29+00:00 WARNING [phase=prepare event=network.ipv6.unsupported] 当前网络不支持IPv6，别担心，IPv6的结果会被保存下来
2026-09-07T15:11:29+00:00 INFO    [run=8800cae26c884b26af4321fe801258cc phase=prepare event=run.started] 性能模式: auto → balance，可用资源: 4.0 CPU / 15.61 GB，并发: 测速 8、媒体探测 2、源抓取 8
2026-09-07T15:11:29+00:00 INFO    [run=8800cae26c884b26af4321fe801258cc phase=prepare event=channels.catalog_loaded] 频道目录已加载：白名单 0，黑名单 2，台标 21
2026-09-07T15:11:29+00:00 INFO    [run=8800cae26c884b26af4321fe801258cc phase=fetch event=sources.subscribe.summary] 订阅源数量：2，订阅白名单数量：0，停用地址数量：0，有效总数量：2
2026-09-07T15:11:29+00:00 INFO    [run=8800cae26c884b26af4321fe801258cc phase=fetch event=progress.started] 正在进行获取订阅源  0/2
2026-09-07T15:11:29+00:00 INFO    [run=8800cae26c884b26af4321fe801258cc phase=fetch event=sources.epg.summary] EPG源数量：1，EPG白名单数量：0，停用地址数量：0，有效总数量：1
2026-09-07T15:11:29+00:00 INFO    [run=8800cae26c884b26af4321fe801258cc phase=fetch event=progress.started] 正在进行获取EPG源  0/1
2026-09-07T15:11:30+00:00 INFO    [run=8800cae26c884b26af4321fe801258cc phase=fetch event=epg.source_parsed] EPG 源解析完成：http://e.erw.cc/e.xml.gz，保留节目 2484 条
2026-09-07T15:11:30+00:00 INFO    [run=8800cae26c884b26af4321fe801258cc phase=fetch event=progress.updated] 正在进行获取EPG源  1/1 (100%)  剩余 0
2026-09-07T15:11:30+00:00 INFO    [run=8800cae26c884b26af4321fe801258cc phase=fetch event=sources.epg.finished] EPG源: ✅ 有效地址数量：1，⛔ 停用地址数量：0
2026-09-07T15:11:30+00:00 INFO    [run=8800cae26c884b26af4321fe801258cc phase=fetch event=progress.finished] 正在进行获取EPG源  1/1  匹配 63 个频道
2026-09-07T15:11:30+00:00 INFO    [run=8800cae26c884b26af4321fe801258cc phase=fetch event=progress.updated] 正在进行获取订阅源  1/2 (50%)  剩余 1
2026-09-07T15:11:30+00:00 INFO    [run=8800cae26c884b26af4321fe801258cc phase=fetch event=progress.updated] 正在进行获取订阅源  2/2 (100%)  剩余 0
2026-09-07T15:11:30+00:00 INFO    [run=8800cae26c884b26af4321fe801258cc phase=fetch event=sources.subscribe.finished] 订阅源: ✅ 有效地址数量：2，⛔ 停用地址数量：0
2026-09-07T15:11:30+00:00 INFO    [run=8800cae26c884b26af4321fe801258cc phase=fetch event=progress.finished] 正在进行获取订阅源  2/2  未匹配 6
2026-09-07T15:11:30+00:00 INFO    [run=8800cae26c884b26af4321fe801258cc phase=aggregate event=channels.aggregated] 频道数据聚合完成：72 个频道，47 个接口（IPv4 47 / IPv6 0）
2026-09-07T15:11:30+00:00 INFO    [run=8800cae26c884b26af4321fe801258cc phase=speed_test event=speed_test.planned] 总接口数量: 46, 需要进行测速的接口数量: 46
2026-09-07T15:11:30+00:00 INFO    [run=8800cae26c884b26af4321fe801258cc phase=speed_test event=progress.started] 测速  0/46
2026-09-07T15:11:33+00:00 INFO    [run=8800cae26c884b26af4321fe801258cc phase=speed_test event=progress.updated] 测速  1/46 (2%)  有效 0  失败 1  CCTV-1
2026-09-07T15:11:41+00:00 INFO    [run=8800cae26c884b26af4321fe801258cc phase=speed_test event=progress.updated] 测速  6/46 (13%)  有效 0  失败 6  CCTV-2
2026-09-07T15:11:43+00:00 INFO    [run=8800cae26c884b26af4321fe801258cc phase=speed_test event=progress.updated] 测速  11/46 (23%)  有效 0  失败 11  CCTV-11
2026-09-07T15:11:51+00:00 INFO    [run=8800cae26c884b26af4321fe801258cc phase=speed_test event=progress.updated] 测速  16/46 (34%)  有效 0  失败 16  CCTV-10
2026-09-07T15:11:55+00:00 INFO    [run=8800cae26c884b26af4321fe801258cc phase=speed_test event=progress.updated] 测速  21/46 (45%)  有效 0  失败 21  CCTV-14
2026-09-07T15:12:01+00:00 INFO    [run=8800cae26c884b26af4321fe801258cc phase=speed_test event=progress.updated] 测速  26/46 (56%)  有效 0  失败 26  北京卫视
2026-09-07T15:12:08+00:00 INFO    [run=8800cae26c884b26af4321fe801258cc phase=speed_test event=progress.updated] 测速  31/46 (67%)  有效 0  失败 31  河南卫视
2026-09-07T15:12:12+00:00 INFO    [run=8800cae26c884b26af4321fe801258cc phase=speed_test event=progress.updated] 测速  36/46 (78%)  有效 0  失败 36  河北卫视
2026-09-07T15:12:21+00:00 INFO    [run=8800cae26c884b26af4321fe801258cc phase=speed_test event=progress.updated] 测速  41/46 (89%)  有效 0  失败 41  辽宁卫视
2026-09-07T15:12:25+00:00 INFO    [run=8800cae26c884b26af4321fe801258cc phase=speed_test event=progress.updated] 测速  46/46 (100%)  有效 0  失败 46  云南卫视
2026-09-07T15:12:25+00:00 INFO    [run=8800cae26c884b26af4321fe801258cc phase=speed_test event=speed_test.artifacts_written] 测速明细已写入 output/log/speed_test.log，有效结果已写入 output/log/result.log
2026-09-07T15:12:25+00:00 INFO    [run=8800cae26c884b26af4321fe801258cc phase=speed_test event=progress.finished] 测速  46/46  有效 0  失败 46
2026-09-07T15:12:25+00:00 INFO    [run=8800cae26c884b26af4321fe801258cc phase=output event=output.written] 结果文件生成完成：更新 3 个文件
2026-09-07T15:12:25+00:00 INFO    [run=8800cae26c884b26af4321fe801258cc phase=statistics event=statistics.finished] 频道统计完成：测试 46，有效 0
2026-09-07T15:12:25+00:00 WARNING [run=8800cae26c884b26af4321fe801258cc phase=complete event=run.empty_data] 未生成频道数据：已聚合 46 条接口，但测速或过滤后没有可输出结果。
下一步：在 config/subscribe.txt 添加 txt/m3u 订阅地址，或在 config/local.txt 添加本地频道接口。Docker 用户请确认挂载后的 /iptv-api/config/subscribe.txt 不是空文件。教程：https://github.com/Guovin/iptv-api/blob/master/docs/tutorial.md#添加数据源与更多
2026-09-07T15:12:25+00:00 INFO    [run=8800cae26c884b26af4321fe801258cc phase=complete event=run.summary] 更新摘要
2026-09-07T15:12:25+00:00 WARNING [run=8800cae26c884b26af4321fe801258cc phase=complete event=run.finished] 运行完成，但未生成频道数据，请按提示配置或检查数据源。
2026-09-07T16:17:00+00:00 INFO    [event=application.started] IPTV-API 版本: 3.0.0 (构建时间: 2026-08-07 11:45:59)
2026-09-07T16:17:00+00:00 INFO    [phase=prepare event=network.ipv6.checking] 🛜 正在检查当前网络是否支持IPv6...
2026-09-07T16:17:00+00:00 WARNING [phase=prepare event=network.ipv6.unsupported] 当前网络不支持IPv6，别担心，IPv6的结果会被保存下来
2026-09-07T16:17:00+00:00 INFO    [run=7f140d2794bd405b9c0a868a68ea9d85 phase=prepare event=run.started] 性能模式: auto → balance，可用资源: 4.0 CPU / 15.61 GB，并发: 测速 8、媒体探测 2、源抓取 8
2026-09-07T16:17:00+00:00 INFO    [run=7f140d2794bd405b9c0a868a68ea9d85 phase=prepare event=channels.catalog_loaded] 频道目录已加载：白名单 0，黑名单 2，台标 21
2026-09-07T16:17:00+00:00 INFO    [run=7f140d2794bd405b9c0a868a68ea9d85 phase=fetch event=sources.subscribe.summary] 订阅源数量：2，订阅白名单数量：0，停用地址数量：0，有效总数量：2
2026-09-07T16:17:00+00:00 INFO    [run=7f140d2794bd405b9c0a868a68ea9d85 phase=fetch event=progress.started] 正在进行获取订阅源  0/2
2026-09-07T16:17:00+00:00 INFO    [run=7f140d2794bd405b9c0a868a68ea9d85 phase=fetch event=sources.epg.summary] EPG源数量：1，EPG白名单数量：0，停用地址数量：0，有效总数量：1
2026-09-07T16:17:00+00:00 INFO    [run=7f140d2794bd405b9c0a868a68ea9d85 phase=fetch event=progress.started] 正在进行获取EPG源  0/1
2026-09-07T16:17:01+00:00 WARNING [run=7f140d2794bd405b9c0a868a68ea9d85 phase=fetch event=request.retrying] 🔄 请求http://e.erw.cc/e.xml.gz失败，正在进行第1次重试...
2026-09-07T16:17:02+00:00 INFO    [run=7f140d2794bd405b9c0a868a68ea9d85 phase=fetch event=progress.updated] 正在进行获取订阅源  1/2 (50%)  剩余 1
2026-09-07T16:17:02+00:00 INFO    [run=7f140d2794bd405b9c0a868a68ea9d85 phase=fetch event=progress.updated] 正在进行获取订阅源  2/2 (100%)  剩余 0
2026-09-07T16:17:02+00:00 INFO    [run=7f140d2794bd405b9c0a868a68ea9d85 phase=fetch event=sources.subscribe.finished] 订阅源: ✅ 有效地址数量：2，⛔ 停用地址数量：0
2026-09-07T16:17:02+00:00 INFO    [run=7f140d2794bd405b9c0a868a68ea9d85 phase=fetch event=progress.finished] 正在进行获取订阅源  2/2  未匹配 4
2026-09-07T16:17:02+00:00 ERROR   [run=7f140d2794bd405b9c0a868a68ea9d85 phase=fetch event=source.parse_failed] http://e.erw.cc/e.xml.gz 出错：❌ 请求http://e.erw.cc/e.xml.gz失败，已达到最大重试次数
2026-09-07T16:17:02+00:00 INFO    [run=7f140d2794bd405b9c0a868a68ea9d85 phase=fetch event=progress.updated] 正在进行获取EPG源  1/1 (100%)  剩余 0
2026-09-07T16:17:02+00:00 INFO    [run=7f140d2794bd405b9c0a868a68ea9d85 phase=fetch event=sources.epg.finished] EPG源: ✅ 有效地址数量：1，⛔ 停用地址数量：0
2026-09-07T16:17:02+00:00 INFO    [run=7f140d2794bd405b9c0a868a68ea9d85 phase=fetch event=progress.finished] 正在进行获取EPG源  1/1  匹配 0 个频道
2026-09-07T16:17:02+00:00 INFO    [run=7f140d2794bd405b9c0a868a68ea9d85 phase=aggregate event=channels.aggregated] 频道数据聚合完成：94 个频道，53 个接口（IPv4 53 / IPv6 0）
2026-09-07T16:17:02+00:00 INFO    [run=7f140d2794bd405b9c0a868a68ea9d85 phase=speed_test event=speed_test.planned] 总接口数量: 48, 需要进行测速的接口数量: 48
2026-09-07T16:17:02+00:00 INFO    [run=7f140d2794bd405b9c0a868a68ea9d85 phase=speed_test event=progress.started] 测速  0/48
2026-09-07T16:17:05+00:00 INFO    [run=7f140d2794bd405b9c0a868a68ea9d85 phase=speed_test event=progress.updated] 测速  1/48 (2%)  有效 0  失败 1  CCTV-1
2026-09-07T16:17:11+00:00 INFO    [run=7f140d2794bd405b9c0a868a68ea9d85 phase=speed_test event=progress.updated] 测速  6/48 (12%)  有效 0  失败 6  CCTV-1
2026-09-07T16:17:14+00:00 INFO    [run=7f140d2794bd405b9c0a868a68ea9d85 phase=speed_test event=progress.updated] 测速  11/48 (22%)  有效 0  失败 11  CCTV-10
2026-09-07T16:17:21+00:00 INFO    [run=7f140d2794bd405b9c0a868a68ea9d85 phase=speed_test event=progress.updated] 测速  16/48 (33%)  有效 0  失败 16  CCTV-10
2026-09-07T16:17:26+00:00 INFO    [run=7f140d2794bd405b9c0a868a68ea9d85 phase=speed_test event=progress.updated] 测速  21/48 (43%)  有效 0  失败 21  CCTV-14
2026-09-07T16:17:32+00:00 INFO    [run=7f140d2794bd405b9c0a868a68ea9d85 phase=speed_test event=progress.updated] 测速  26/48 (54%)  有效 0  失败 26  北京卫视
2026-09-07T16:17:38+00:00 INFO    [run=7f140d2794bd405b9c0a868a68ea9d85 phase=speed_test event=progress.updated] 测速  31/48 (64%)  有效 0  失败 31  河南卫视
2026-09-07T16:17:40+00:00 INFO    [run=7f140d2794bd405b9c0a868a68ea9d85 phase=speed_test event=progress.updated] 测速  36/48 (75%)  有效 0  失败 36  河北卫视
2026-09-07T16:17:45+00:00 INFO    [run=7f140d2794bd405b9c0a868a68ea9d85 phase=speed_test event=progress.updated] 测速  41/48 (85%)  有效 0  失败 41  江西卫视
2026-09-07T16:17:48+00:00 INFO    [run=7f140d2794bd405b9c0a868a68ea9d85 phase=speed_test event=progress.updated] 测速  46/48 (95%)  有效 0  失败 46  云南卫视
2026-09-07T16:17:54+00:00 INFO    [run=7f140d2794bd405b9c0a868a68ea9d85 phase=speed_test event=progress.updated] 测速  48/48 (100%)  有效 0  失败 48  金鹰卡通
2026-09-07T16:17:54+00:00 INFO    [run=7f140d2794bd405b9c0a868a68ea9d85 phase=speed_test event=speed_test.artifacts_written] 测速明细已写入 output/log/speed_test.log，有效结果已写入 output/log/result.log
2026-09-07T16:17:54+00:00 INFO    [run=7f140d2794bd405b9c0a868a68ea9d85 phase=speed_test event=progress.finished] 测速  48/48  有效 0  失败 48
2026-09-07T16:17:54+00:00 INFO    [run=7f140d2794bd405b9c0a868a68ea9d85 phase=output event=output.written] 结果文件生成完成：更新 3 个文件
2026-09-07T16:17:54+00:00 INFO    [run=7f140d2794bd405b9c0a868a68ea9d85 phase=statistics event=statistics.finished] 频道统计完成：测试 48，有效 0
2026-09-07T16:17:54+00:00 WARNING [run=7f140d2794bd405b9c0a868a68ea9d85 phase=complete event=run.empty_data] 未生成频道数据：已聚合 48 条接口，但测速或过滤后没有可输出结果。
下一步：在 config/subscribe.txt 添加 txt/m3u 订阅地址，或在 config/local.txt 添加本地频道接口。Docker 用户请确认挂载后的 /iptv-api/config/subscribe.txt 不是空文件。教程：https://github.com/Guovin/iptv-api/blob/master/docs/tutorial.md#添加数据源与更多
2026-09-07T16:17:54+00:00 INFO    [run=7f140d2794bd405b9c0a868a68ea9d85 phase=complete event=run.summary] 更新摘要
2026-09-07T16:17:54+00:00 WARNING [run=7f140d2794bd405b9c0a868a68ea9d85 phase=complete event=run.finished] 运行完成，但未生成频道数据，请按提示配置或检查数据源。
2026-09-07T16:30:16+00:00 INFO    [event=application.started] IPTV-API 版本: 3.0.0 (构建时间: 2026-08-07 11:45:59)
2026-09-07T16:30:17+00:00 INFO    [phase=prepare event=network.ipv6.checking] 🛜 正在检查当前网络是否支持IPv6...
2026-09-07T16:30:17+00:00 WARNING [phase=prepare event=network.ipv6.unsupported] 当前网络不支持IPv6，别担心，IPv6的结果会被保存下来
2026-09-07T16:30:17+00:00 INFO    [run=b5aa10ecb4cf487795e3a3cd75284df5 phase=prepare event=run.started] 性能模式: auto → balance，可用资源: 4.0 CPU / 15.61 GB，并发: 测速 8、媒体探测 2、源抓取 8
2026-09-07T16:30:17+00:00 INFO    [run=b5aa10ecb4cf487795e3a3cd75284df5 phase=prepare event=channels.catalog_loaded] 频道目录已加载：白名单 0，黑名单 2，台标 21
2026-09-07T16:30:17+00:00 INFO    [run=b5aa10ecb4cf487795e3a3cd75284df5 phase=fetch event=sources.subscribe.summary] 订阅源数量：3，订阅白名单数量：0，停用地址数量：0，有效总数量：3
2026-09-07T16:30:17+00:00 INFO    [run=b5aa10ecb4cf487795e3a3cd75284df5 phase=fetch event=progress.started] 正在进行获取订阅源  0/3
2026-09-07T16:30:17+00:00 INFO    [run=b5aa10ecb4cf487795e3a3cd75284df5 phase=fetch event=sources.epg.summary] EPG源数量：1，EPG白名单数量：0，停用地址数量：0，有效总数量：1
2026-09-07T16:30:17+00:00 INFO    [run=b5aa10ecb4cf487795e3a3cd75284df5 phase=fetch event=progress.started] 正在进行获取EPG源  0/1
2026-09-07T16:30:18+00:00 INFO    [run=b5aa10ecb4cf487795e3a3cd75284df5 phase=fetch event=epg.source_parsed] EPG 源解析完成：http://e.erw.cc/e.xml.gz，保留节目 3192 条
2026-09-07T16:30:18+00:00 INFO    [run=b5aa10ecb4cf487795e3a3cd75284df5 phase=fetch event=progress.updated] 正在进行获取EPG源  1/1 (100%)  剩余 0
2026-09-07T16:30:18+00:00 INFO    [run=b5aa10ecb4cf487795e3a3cd75284df5 phase=fetch event=sources.epg.finished] EPG源: ✅ 有效地址数量：1，⛔ 停用地址数量：0
2026-09-07T16:30:18+00:00 INFO    [run=b5aa10ecb4cf487795e3a3cd75284df5 phase=fetch event=progress.finished] 正在进行获取EPG源  1/1  匹配 83 个频道
2026-09-07T16:30:18+00:00 INFO    [run=b5aa10ecb4cf487795e3a3cd75284df5 phase=fetch event=progress.updated] 正在进行获取订阅源  1/3 (33%)  剩余 2
2026-09-07T16:30:18+00:00 INFO    [run=b5aa10ecb4cf487795e3a3cd75284df5 phase=fetch event=progress.updated] 正在进行获取订阅源  2/3 (66%)  剩余 1
2026-09-07T16:30:18+00:00 INFO    [run=b5aa10ecb4cf487795e3a3cd75284df5 phase=fetch event=progress.updated] 正在进行获取订阅源  3/3 (100%)  剩余 0
2026-09-07T16:30:18+00:00 INFO    [run=b5aa10ecb4cf487795e3a3cd75284df5 phase=fetch event=sources.subscribe.finished] 订阅源: ✅ 有效地址数量：3，⛔ 停用地址数量：0
2026-09-07T16:30:18+00:00 INFO    [run=b5aa10ecb4cf487795e3a3cd75284df5 phase=fetch event=progress.finished] 正在进行获取订阅源  3/3  未匹配 1211
2026-09-07T16:30:37+00:00 INFO    [run=b5aa10ecb4cf487795e3a3cd75284df5 phase=aggregate event=channels.aggregated] 频道数据聚合完成：94 个频道，281 个接口（IPv4 281 / IPv6 0）
2026-09-07T16:30:37+00:00 INFO    [run=b5aa10ecb4cf487795e3a3cd75284df5 phase=speed_test event=speed_test.planned] 总接口数量: 260, 需要进行测速的接口数量: 260
2026-09-07T16:30:37+00:00 INFO    [run=b5aa10ecb4cf487795e3a3cd75284df5 phase=speed_test event=progress.started] 测速  0/260
2026-09-07T16:30:38+00:00 INFO    [run=b5aa10ecb4cf487795e3a3cd75284df5 phase=speed_test event=progress.updated] 测速  1/260 (0%)  有效 1  失败 0  CCTV-1
2026-09-07T16:30:44+00:00 INFO    [run=b5aa10ecb4cf487795e3a3cd75284df5 phase=speed_test event=progress.updated] 测速  26/260 (10%)  有效 22  失败 4  CCTV-5
2026-09-07T16:30:49+00:00 INFO    [run=b5aa10ecb4cf487795e3a3cd75284df5 phase=speed_test event=progress.updated] 测速  52/260 (20%)  有效 41  失败 11  CCTV-11
2026-09-07T16:30:54+00:00 INFO    [run=b5aa10ecb4cf487795e3a3cd75284df5 phase=speed_test event=progress.updated] 测速  78/260 (30%)  有效 63  失败 15  CCTV-15
2026-09-07T16:31:00+00:00 INFO    [run=b5aa10ecb4cf487795e3a3cd75284df5 phase=speed_test event=progress.updated] 测速  104/260 (40%)  有效 85  失败 19  CETV-1
2026-09-07T16:31:10+00:00 INFO    [run=b5aa10ecb4cf487795e3a3cd75284df5 phase=speed_test event=progress.updated] 测速  130/260 (50%)  有效 105  失败 25  东方卫视
2026-09-07T16:31:17+00:00 INFO    [run=b5aa10ecb4cf487795e3a3cd75284df5 phase=speed_test event=progress.updated] 测速  156/260 (60%)  有效 124  失败 32  河南卫视
2026-09-07T16:31:24+00:00 INFO    [run=b5aa10ecb4cf487795e3a3cd75284df5 phase=speed_test event=progress.updated] 测速  182/260 (70%)  有效 144  失败 38  内蒙古卫视
2026-09-07T16:31:30+00:00 INFO    [run=b5aa10ecb4cf487795e3a3cd75284df5 phase=speed_test event=progress.updated] 测速  208/260 (80%)  有效 163  失败 45  陕西卫视
2026-09-07T16:31:34+00:00 INFO    [run=b5aa10ecb4cf487795e3a3cd75284df5 phase=speed_test event=progress.updated] 测速  234/260 (90%)  有效 183  失败 51  云南卫视
2026-09-07T16:31:49+00:00 INFO    [run=b5aa10ecb4cf487795e3a3cd75284df5 phase=speed_test event=progress.updated] 测速  260/260 (100%)  有效 192  失败 68  浙江经济生活
2026-09-07T16:31:49+00:00 INFO    [run=b5aa10ecb4cf487795e3a3cd75284df5 phase=speed_test event=speed_test.artifacts_written] 测速明细已写入 output/log/speed_test.log，有效结果已写入 output/log/result.log
2026-09-07T16:31:49+00:00 INFO    [run=b5aa10ecb4cf487795e3a3cd75284df5 phase=speed_test event=progress.finished] 测速  260/260  有效 192  失败 68
2026-09-07T16:31:49+00:00 INFO    [run=b5aa10ecb4cf487795e3a3cd75284df5 phase=output event=output.written] 结果文件生成完成：更新 3 个文件
2026-09-07T16:31:49+00:00 INFO    [run=b5aa10ecb4cf487795e3a3cd75284df5 phase=statistics event=statistics.finished] 频道统计完成：测试 260，有效 192
2026-09-07T16:31:49+00:00 INFO    [run=b5aa10ecb4cf487795e3a3cd75284df5 phase=complete event=run.summary] 更新摘要
2026-09-07T16:31:49+00:00 INFO    [run=b5aa10ecb4cf487795e3a3cd75284df5 phase=complete event=run.finished] 更新完成！总耗时：01:32
2026-09-08T00:09:37+00:00 INFO    [event=application.started] IPTV-API 版本: 3.0.0 (构建时间: 2026-08-07 11:45:59)
2026-09-08T00:09:37+00:00 INFO    [phase=prepare event=network.ipv6.checking] 🛜 正在检查当前网络是否支持IPv6...
2026-09-08T00:09:37+00:00 WARNING [phase=prepare event=network.ipv6.unsupported] 当前网络不支持IPv6，别担心，IPv6的结果会被保存下来
2026-09-08T00:09:37+00:00 INFO    [run=11e4161c30964236a50b94dd00f2a1da phase=prepare event=run.started] 性能模式: auto → balance，可用资源: 4.0 CPU / 15.61 GB，并发: 测速 8、媒体探测 2、源抓取 8
2026-09-08T00:09:37+00:00 INFO    [run=11e4161c30964236a50b94dd00f2a1da phase=prepare event=channels.catalog_loaded] 频道目录已加载：白名单 0，黑名单 2，台标 21
2026-09-08T00:09:37+00:00 INFO    [run=11e4161c30964236a50b94dd00f2a1da phase=fetch event=sources.subscribe.summary] 订阅源数量：3，订阅白名单数量：0，停用地址数量：0，有效总数量：3
2026-09-08T00:09:37+00:00 INFO    [run=11e4161c30964236a50b94dd00f2a1da phase=fetch event=progress.started] 正在进行获取订阅源  0/3
2026-09-08T00:09:37+00:00 INFO    [run=11e4161c30964236a50b94dd00f2a1da phase=fetch event=sources.epg.summary] EPG源数量：1，EPG白名单数量：0，停用地址数量：0，有效总数量：1
2026-09-08T00:09:37+00:00 INFO    [run=11e4161c30964236a50b94dd00f2a1da phase=fetch event=progress.started] 正在进行获取EPG源  0/1
2026-09-08T00:09:38+00:00 INFO    [run=11e4161c30964236a50b94dd00f2a1da phase=fetch event=progress.updated] 正在进行获取订阅源  1/3 (33%)  剩余 2
2026-09-08T00:09:38+00:00 INFO    [run=11e4161c30964236a50b94dd00f2a1da phase=fetch event=progress.updated] 正在进行获取订阅源  2/3 (66%)  剩余 1
2026-09-08T00:09:38+00:00 INFO    [run=11e4161c30964236a50b94dd00f2a1da phase=fetch event=progress.updated] 正在进行获取订阅源  3/3 (100%)  剩余 0
2026-09-08T00:09:38+00:00 INFO    [run=11e4161c30964236a50b94dd00f2a1da phase=fetch event=epg.source_parsed] EPG 源解析完成：http://e.erw.cc/e.xml.gz，保留节目 3192 条
2026-09-08T00:09:38+00:00 INFO    [run=11e4161c30964236a50b94dd00f2a1da phase=fetch event=progress.updated] 正在进行获取EPG源  1/1 (100%)  剩余 0
2026-09-08T00:09:38+00:00 INFO    [run=11e4161c30964236a50b94dd00f2a1da phase=fetch event=sources.epg.finished] EPG源: ✅ 有效地址数量：1，⛔ 停用地址数量：0
2026-09-08T00:09:38+00:00 INFO    [run=11e4161c30964236a50b94dd00f2a1da phase=fetch event=progress.finished] 正在进行获取EPG源  1/1  匹配 83 个频道
2026-09-08T00:09:38+00:00 INFO    [run=11e4161c30964236a50b94dd00f2a1da phase=fetch event=sources.subscribe.finished] 订阅源: ✅ 有效地址数量：3，⛔ 停用地址数量：0
2026-09-08T00:09:38+00:00 INFO    [run=11e4161c30964236a50b94dd00f2a1da phase=fetch event=progress.finished] 正在进行获取订阅源  3/3  未匹配 1211
2026-09-08T00:09:56+00:00 INFO    [run=11e4161c30964236a50b94dd00f2a1da phase=aggregate event=channels.aggregated] 频道数据聚合完成：94 个频道，281 个接口（IPv4 281 / IPv6 0）
2026-09-08T00:09:56+00:00 INFO    [run=11e4161c30964236a50b94dd00f2a1da phase=speed_test event=speed_test.planned] 总接口数量: 260, 需要进行测速的接口数量: 260
2026-09-08T00:09:56+00:00 INFO    [run=11e4161c30964236a50b94dd00f2a1da phase=speed_test event=progress.started] 测速  0/260
2026-09-08T00:09:57+00:00 INFO    [run=11e4161c30964236a50b94dd00f2a1da phase=speed_test event=progress.updated] 测速  1/260 (0%)  有效 1  失败 0  CCTV-2
2026-09-08T00:10:05+00:00 INFO    [run=11e4161c30964236a50b94dd00f2a1da phase=speed_test event=progress.updated] 测速  26/260 (10%)  有效 23  失败 3  CCTV-6
2026-09-08T00:10:10+00:00 INFO    [run=11e4161c30964236a50b94dd00f2a1da phase=speed_test event=progress.updated] 测速  52/260 (20%)  有效 45  失败 7  CCTV-11
2026-09-08T00:10:15+00:00 INFO    [run=11e4161c30964236a50b94dd00f2a1da phase=speed_test event=progress.updated] 测速  78/260 (30%)  有效 64  失败 14  CCTV-16
2026-09-08T00:10:23+00:00 INFO    [run=11e4161c30964236a50b94dd00f2a1da phase=speed_test event=progress.updated] 测速  104/260 (40%)  有效 81  失败 23  湖南卫视
2026-09-08T00:10:30+00:00 INFO    [run=11e4161c30964236a50b94dd00f2a1da phase=speed_test event=progress.updated] 测速  130/260 (50%)  有效 99  失败 31  重庆卫视
2026-09-08T00:10:37+00:00 INFO    [run=11e4161c30964236a50b94dd00f2a1da phase=speed_test event=progress.updated] 测速  156/260 (60%)  有效 118  失败 38  吉林卫视
2026-09-08T00:10:42+00:00 INFO    [run=11e4161c30964236a50b94dd00f2a1da phase=speed_test event=progress.updated] 测速  182/260 (70%)  有效 141  失败 41  江西卫视
2026-09-08T00:10:48+00:00 INFO    [run=11e4161c30964236a50b94dd00f2a1da phase=speed_test event=progress.updated] 测速  208/260 (80%)  有效 164  失败 44  山西卫视
2026-09-08T00:10:57+00:00 INFO    [run=11e4161c30964236a50b94dd00f2a1da phase=speed_test event=progress.updated] 测速  234/260 (90%)  有效 184  失败 50  云南卫视
2026-09-08T00:11:12+00:00 INFO    [run=11e4161c30964236a50b94dd00f2a1da phase=speed_test event=progress.updated] 测速  260/260 (100%)  有效 197  失败 63  浙江国际
2026-09-08T00:11:12+00:00 INFO    [run=11e4161c30964236a50b94dd00f2a1da phase=speed_test event=speed_test.artifacts_written] 测速明细已写入 output/log/speed_test.log，有效结果已写入 output/log/result.log
2026-09-08T00:11:12+00:00 INFO    [run=11e4161c30964236a50b94dd00f2a1da phase=speed_test event=progress.finished] 测速  260/260  有效 197  失败 63
2026-09-08T00:11:12+00:00 INFO    [run=11e4161c30964236a50b94dd00f2a1da phase=output event=output.written] 结果文件生成完成：更新 3 个文件
2026-09-08T00:11:12+00:00 INFO    [run=11e4161c30964236a50b94dd00f2a1da phase=statistics event=statistics.finished] 频道统计完成：测试 260，有效 197
2026-09-08T00:11:12+00:00 INFO    [run=11e4161c30964236a50b94dd00f2a1da phase=complete event=run.summary] 更新摘要
2026-09-08T00:11:12+00:00 INFO    [run=11e4161c30964236a50b94dd00f2a1da phase=complete event=run.finished] 更新完成！总耗时：01:35
2026-09-09T00:01:03+00:00 INFO    [event=application.started] IPTV-API 版本: 3.0.0 (构建时间: 2026-08-07 11:45:59)
2026-09-09T00:01:03+00:00 INFO    [phase=prepare event=network.ipv6.checking] 🛜 正在检查当前网络是否支持IPv6...
2026-09-09T00:01:03+00:00 WARNING [phase=prepare event=network.ipv6.unsupported] 当前网络不支持IPv6，别担心，IPv6的结果会被保存下来
2026-09-09T00:01:03+00:00 INFO    [run=5ac5c185615f42b99e395eb001096272 phase=prepare event=run.started] 性能模式: auto → balance，可用资源: 4.0 CPU / 15.61 GB，并发: 测速 8、媒体探测 2、源抓取 8
2026-09-09T00:01:03+00:00 INFO    [run=5ac5c185615f42b99e395eb001096272 phase=prepare event=channels.catalog_loaded] 频道目录已加载：白名单 0，黑名单 2，台标 21
2026-09-09T00:01:03+00:00 INFO    [run=5ac5c185615f42b99e395eb001096272 phase=fetch event=sources.subscribe.summary] 订阅源数量：3，订阅白名单数量：0，停用地址数量：0，有效总数量：3
2026-09-09T00:01:03+00:00 INFO    [run=5ac5c185615f42b99e395eb001096272 phase=fetch event=progress.started] 正在进行获取订阅源  0/3
2026-09-09T00:01:03+00:00 INFO    [run=5ac5c185615f42b99e395eb001096272 phase=fetch event=sources.epg.summary] EPG源数量：1，EPG白名单数量：0，停用地址数量：0，有效总数量：1
2026-09-09T00:01:03+00:00 INFO    [run=5ac5c185615f42b99e395eb001096272 phase=fetch event=progress.started] 正在进行获取EPG源  0/1
2026-09-09T00:01:04+00:00 INFO    [run=5ac5c185615f42b99e395eb001096272 phase=fetch event=epg.source_parsed] EPG 源解析完成：http://e.erw.cc/e.xml.gz，保留节目 3089 条
2026-09-09T00:01:04+00:00 INFO    [run=5ac5c185615f42b99e395eb001096272 phase=fetch event=progress.updated] 正在进行获取EPG源  1/1 (100%)  剩余 0
2026-09-09T00:01:04+00:00 INFO    [run=5ac5c185615f42b99e395eb001096272 phase=fetch event=sources.epg.finished] EPG源: ✅ 有效地址数量：1，⛔ 停用地址数量：0
2026-09-09T00:01:04+00:00 INFO    [run=5ac5c185615f42b99e395eb001096272 phase=fetch event=progress.finished] 正在进行获取EPG源  1/1  匹配 83 个频道
2026-09-09T00:01:04+00:00 INFO    [run=5ac5c185615f42b99e395eb001096272 phase=fetch event=progress.updated] 正在进行获取订阅源  1/3 (33%)  剩余 2
2026-09-09T00:01:04+00:00 INFO    [run=5ac5c185615f42b99e395eb001096272 phase=fetch event=progress.updated] 正在进行获取订阅源  2/3 (66%)  剩余 1
2026-09-09T00:01:04+00:00 INFO    [run=5ac5c185615f42b99e395eb001096272 phase=fetch event=progress.updated] 正在进行获取订阅源  3/3 (100%)  剩余 0
2026-09-09T00:01:04+00:00 INFO    [run=5ac5c185615f42b99e395eb001096272 phase=fetch event=sources.subscribe.finished] 订阅源: ✅ 有效地址数量：3，⛔ 停用地址数量：0
2026-09-09T00:01:04+00:00 INFO    [run=5ac5c185615f42b99e395eb001096272 phase=fetch event=progress.finished] 正在进行获取订阅源  3/3  未匹配 1211
2026-09-09T00:01:20+00:00 INFO    [run=5ac5c185615f42b99e395eb001096272 phase=aggregate event=channels.aggregated] 频道数据聚合完成：94 个频道，281 个接口（IPv4 281 / IPv6 0）
2026-09-09T00:01:20+00:00 INFO    [run=5ac5c185615f42b99e395eb001096272 phase=speed_test event=speed_test.planned] 总接口数量: 260, 需要进行测速的接口数量: 260
2026-09-09T00:01:20+00:00 INFO    [run=5ac5c185615f42b99e395eb001096272 phase=speed_test event=progress.started] 测速  0/260
2026-09-09T00:01:20+00:00 INFO    [run=5ac5c185615f42b99e395eb001096272 phase=speed_test event=progress.updated] 测速  1/260 (0%)  有效 1  失败 0  CCTV-2
2026-09-09T00:01:26+00:00 INFO    [run=5ac5c185615f42b99e395eb001096272 phase=speed_test event=progress.updated] 测速  26/260 (10%)  有效 23  失败 3  CCTV-6
2026-09-09T00:01:32+00:00 INFO    [run=5ac5c185615f42b99e395eb001096272 phase=speed_test event=progress.updated] 测速  52/260 (20%)  有效 44  失败 8  CCTV-10
2026-09-09T00:01:36+00:00 INFO    [run=5ac5c185615f42b99e395eb001096272 phase=speed_test event=progress.updated] 测速  78/260 (30%)  有效 65  失败 13  CCTV-16
2026-09-09T00:01:42+00:00 INFO    [run=5ac5c185615f42b99e395eb001096272 phase=speed_test event=progress.updated] 测速  104/260 (40%)  有效 88  失败 16  北京卫视
2026-09-09T00:01:48+00:00 INFO    [run=5ac5c185615f42b99e395eb001096272 phase=speed_test event=progress.updated] 测速  130/260 (50%)  有效 107  失败 23  重庆卫视
2026-09-09T00:01:55+00:00 INFO    [run=5ac5c185615f42b99e395eb001096272 phase=speed_test event=progress.updated] 测速  156/260 (60%)  有效 126  失败 30  河南卫视
2026-09-09T00:02:01+00:00 INFO    [run=5ac5c185615f42b99e395eb001096272 phase=speed_test event=progress.updated] 测速  182/260 (70%)  有效 146  失败 36  吉林卫视
2026-09-09T00:02:07+00:00 INFO    [run=5ac5c185615f42b99e395eb001096272 phase=speed_test event=progress.updated] 测速  208/260 (80%)  有效 167  失败 41  陕西卫视
2026-09-09T00:02:13+00:00 INFO    [run=5ac5c185615f42b99e395eb001096272 phase=speed_test event=progress.updated] 测速  234/260 (90%)  有效 187  失败 47  广东珠江
2026-09-09T00:02:22+00:00 INFO    [run=5ac5c185615f42b99e395eb001096272 phase=speed_test event=progress.updated] 测速  260/260 (100%)  有效 199  失败 61  浙江国际
2026-09-09T00:02:22+00:00 INFO    [run=5ac5c185615f42b99e395eb001096272 phase=speed_test event=speed_test.artifacts_written] 测速明细已写入 output/log/speed_test.log，有效结果已写入 output/log/result.log
2026-09-09T00:02:22+00:00 INFO    [run=5ac5c185615f42b99e395eb001096272 phase=speed_test event=progress.finished] 测速  260/260  有效 199  失败 61
2026-09-09T00:02:22+00:00 INFO    [run=5ac5c185615f42b99e395eb001096272 phase=output event=output.written] 结果文件生成完成：更新 3 个文件
2026-09-09T00:02:23+00:00 INFO    [run=5ac5c185615f42b99e395eb001096272 phase=statistics event=statistics.finished] 频道统计完成：测试 260，有效 199
2026-09-09T00:02:23+00:00 INFO    [run=5ac5c185615f42b99e395eb001096272 phase=complete event=run.summary] 更新摘要
2026-09-09T00:02:23+00:00 INFO    [run=5ac5c185615f42b99e395eb001096272 phase=complete event=run.finished] 更新完成！总耗时：01:19
2026-09-10T00:03:15+00:00 INFO    [event=application.started] IPTV-API 版本: 3.0.0 (构建时间: 2026-08-07 11:45:59)
2026-09-10T00:03:15+00:00 INFO    [phase=prepare event=network.ipv6.checking] 🛜 正在检查当前网络是否支持IPv6...
2026-09-10T00:03:15+00:00 WARNING [phase=prepare event=network.ipv6.unsupported] 当前网络不支持IPv6，别担心，IPv6的结果会被保存下来
2026-09-10T00:03:15+00:00 INFO    [run=f2c3f15be3d942b8bde2f6f1db4a1244 phase=prepare event=run.started] 性能模式: auto → balance，可用资源: 4.0 CPU / 15.61 GB，并发: 测速 8、媒体探测 2、源抓取 8
2026-09-10T00:03:15+00:00 INFO    [run=f2c3f15be3d942b8bde2f6f1db4a1244 phase=prepare event=channels.catalog_loaded] 频道目录已加载：白名单 0，黑名单 2，台标 21
2026-09-10T00:03:15+00:00 INFO    [run=f2c3f15be3d942b8bde2f6f1db4a1244 phase=fetch event=sources.subscribe.summary] 订阅源数量：3，订阅白名单数量：0，停用地址数量：0，有效总数量：3
2026-09-10T00:03:15+00:00 INFO    [run=f2c3f15be3d942b8bde2f6f1db4a1244 phase=fetch event=progress.started] 正在进行获取订阅源  0/3
2026-09-10T00:03:15+00:00 INFO    [run=f2c3f15be3d942b8bde2f6f1db4a1244 phase=fetch event=sources.epg.summary] EPG源数量：1，EPG白名单数量：0，停用地址数量：0，有效总数量：1
2026-09-10T00:03:15+00:00 INFO    [run=f2c3f15be3d942b8bde2f6f1db4a1244 phase=fetch event=progress.started] 正在进行获取EPG源  0/1
2026-09-10T00:03:17+00:00 INFO    [run=f2c3f15be3d942b8bde2f6f1db4a1244 phase=fetch event=progress.updated] 正在进行获取订阅源  1/3 (33%)  剩余 2
2026-09-10T00:03:17+00:00 INFO    [run=f2c3f15be3d942b8bde2f6f1db4a1244 phase=fetch event=progress.updated] 正在进行获取订阅源  2/3 (66%)  剩余 1
2026-09-10T00:03:17+00:00 INFO    [run=f2c3f15be3d942b8bde2f6f1db4a1244 phase=fetch event=progress.updated] 正在进行获取订阅源  3/3 (100%)  剩余 0
2026-09-10T00:03:17+00:00 INFO    [run=f2c3f15be3d942b8bde2f6f1db4a1244 phase=fetch event=sources.subscribe.finished] 订阅源: ✅ 有效地址数量：3，⛔ 停用地址数量：0
2026-09-10T00:03:17+00:00 INFO    [run=f2c3f15be3d942b8bde2f6f1db4a1244 phase=fetch event=progress.finished] 正在进行获取订阅源  3/3  未匹配 1211
2026-09-10T00:03:17+00:00 INFO    [run=f2c3f15be3d942b8bde2f6f1db4a1244 phase=fetch event=epg.source_parsed] EPG 源解析完成：http://e.erw.cc/e.xml.gz，保留节目 3212 条
2026-09-10T00:03:17+00:00 INFO    [run=f2c3f15be3d942b8bde2f6f1db4a1244 phase=fetch event=progress.updated] 正在进行获取EPG源  1/1 (100%)  剩余 0
2026-09-10T00:03:17+00:00 INFO    [run=f2c3f15be3d942b8bde2f6f1db4a1244 phase=fetch event=sources.epg.finished] EPG源: ✅ 有效地址数量：1，⛔ 停用地址数量：0
2026-09-10T00:03:17+00:00 INFO    [run=f2c3f15be3d942b8bde2f6f1db4a1244 phase=fetch event=progress.finished] 正在进行获取EPG源  1/1  匹配 83 个频道
2026-09-10T00:03:33+00:00 INFO    [run=f2c3f15be3d942b8bde2f6f1db4a1244 phase=aggregate event=channels.aggregated] 频道数据聚合完成：94 个频道，281 个接口（IPv4 281 / IPv6 0）
2026-09-10T00:03:33+00:00 INFO    [run=f2c3f15be3d942b8bde2f6f1db4a1244 phase=speed_test event=speed_test.planned] 总接口数量: 260, 需要进行测速的接口数量: 260
2026-09-10T00:03:33+00:00 INFO    [run=f2c3f15be3d942b8bde2f6f1db4a1244 phase=speed_test event=progress.started] 测速  0/260
2026-09-10T00:03:33+00:00 INFO    [run=f2c3f15be3d942b8bde2f6f1db4a1244 phase=speed_test event=progress.updated] 测速  1/260 (0%)  有效 0  失败 1  CCTV-2
2026-09-10T00:03:40+00:00 INFO    [run=f2c3f15be3d942b8bde2f6f1db4a1244 phase=speed_test event=progress.updated] 测速  26/260 (10%)  有效 23  失败 3  CCTV-6
2026-09-10T00:03:46+00:00 INFO    [run=f2c3f15be3d942b8bde2f6f1db4a1244 phase=speed_test event=progress.updated] 测速  52/260 (20%)  有效 41  失败 11  CCTV-10
2026-09-10T00:03:51+00:00 INFO    [run=f2c3f15be3d942b8bde2f6f1db4a1244 phase=speed_test event=progress.updated] 测速  78/260 (30%)  有效 65  失败 13  CCTV-15
2026-09-10T00:03:58+00:00 INFO    [run=f2c3f15be3d942b8bde2f6f1db4a1244 phase=speed_test event=progress.updated] 测速  104/260 (40%)  有效 90  失败 14  湖南卫视
2026-09-10T00:04:06+00:00 INFO    [run=f2c3f15be3d942b8bde2f6f1db4a1244 phase=speed_test event=progress.updated] 测速  130/260 (50%)  有效 111  失败 19  重庆卫视
2026-09-10T00:04:15+00:00 INFO    [run=f2c3f15be3d942b8bde2f6f1db4a1244 phase=speed_test event=progress.updated] 测速  156/260 (60%)  有效 130  失败 26  河南卫视
2026-09-10T00:04:22+00:00 INFO    [run=f2c3f15be3d942b8bde2f6f1db4a1244 phase=speed_test event=progress.updated] 测速  182/260 (70%)  有效 152  失败 30  宁夏卫视
2026-09-10T00:04:29+00:00 INFO    [run=f2c3f15be3d942b8bde2f6f1db4a1244 phase=speed_test event=progress.updated] 测速  208/260 (80%)  有效 173  失败 35  陕西卫视
2026-09-10T00:04:37+00:00 INFO    [run=f2c3f15be3d942b8bde2f6f1db4a1244 phase=speed_test event=progress.updated] 测速  234/260 (90%)  有效 195  失败 39  广东珠江
2026-09-10T00:04:48+00:00 INFO    [run=f2c3f15be3d942b8bde2f6f1db4a1244 phase=speed_test event=progress.updated] 测速  260/260 (100%)  有效 206  失败 54  浙江经济生活
2026-09-10T00:04:48+00:00 INFO    [run=f2c3f15be3d942b8bde2f6f1db4a1244 phase=speed_test event=speed_test.artifacts_written] 测速明细已写入 output/log/speed_test.log，有效结果已写入 output/log/result.log
2026-09-10T00:04:48+00:00 INFO    [run=f2c3f15be3d942b8bde2f6f1db4a1244 phase=speed_test event=progress.finished] 测速  260/260  有效 206  失败 54
2026-09-10T00:04:48+00:00 INFO    [run=f2c3f15be3d942b8bde2f6f1db4a1244 phase=output event=output.written] 结果文件生成完成：更新 3 个文件
2026-09-10T00:04:48+00:00 INFO    [run=f2c3f15be3d942b8bde2f6f1db4a1244 phase=statistics event=statistics.finished] 频道统计完成：测试 260，有效 206
2026-09-10T00:04:48+00:00 INFO    [run=f2c3f15be3d942b8bde2f6f1db4a1244 phase=complete event=run.summary] 更新摘要
2026-09-10T00:04:48+00:00 INFO    [run=f2c3f15be3d942b8bde2f6f1db4a1244 phase=complete event=run.finished] 更新完成！总耗时：01:32
2026-09-10T23:59:06+00:00 INFO    [event=application.started] IPTV-API 版本: 3.0.0 (构建时间: 2026-08-07 11:45:59)
2026-09-10T23:59:06+00:00 INFO    [phase=prepare event=network.ipv6.checking] 🛜 正在检查当前网络是否支持IPv6...
2026-09-10T23:59:06+00:00 WARNING [phase=prepare event=network.ipv6.unsupported] 当前网络不支持IPv6，别担心，IPv6的结果会被保存下来
2026-09-10T23:59:06+00:00 INFO    [run=0f968ff9c30f4a60b2fa1797d9ba4184 phase=prepare event=run.started] 性能模式: auto → balance，可用资源: 4.0 CPU / 15.61 GB，并发: 测速 8、媒体探测 2、源抓取 8
2026-09-10T23:59:06+00:00 INFO    [run=0f968ff9c30f4a60b2fa1797d9ba4184 phase=prepare event=channels.catalog_loaded] 频道目录已加载：白名单 0，黑名单 2，台标 21
2026-09-10T23:59:06+00:00 INFO    [run=0f968ff9c30f4a60b2fa1797d9ba4184 phase=fetch event=sources.subscribe.summary] 订阅源数量：3，订阅白名单数量：0，停用地址数量：0，有效总数量：3
2026-09-10T23:59:06+00:00 INFO    [run=0f968ff9c30f4a60b2fa1797d9ba4184 phase=fetch event=progress.started] 正在进行获取订阅源  0/3
2026-09-10T23:59:06+00:00 INFO    [run=0f968ff9c30f4a60b2fa1797d9ba4184 phase=fetch event=sources.epg.summary] EPG源数量：1，EPG白名单数量：0，停用地址数量：0，有效总数量：1
2026-09-10T23:59:06+00:00 INFO    [run=0f968ff9c30f4a60b2fa1797d9ba4184 phase=fetch event=progress.started] 正在进行获取EPG源  0/1
2026-09-10T23:59:07+00:00 INFO    [run=0f968ff9c30f4a60b2fa1797d9ba4184 phase=fetch event=epg.source_parsed] EPG 源解析完成：http://e.erw.cc/e.xml.gz，保留节目 3132 条
2026-09-10T23:59:07+00:00 INFO    [run=0f968ff9c30f4a60b2fa1797d9ba4184 phase=fetch event=progress.updated] 正在进行获取EPG源  1/1 (100%)  剩余 0
2026-09-10T23:59:07+00:00 INFO    [run=0f968ff9c30f4a60b2fa1797d9ba4184 phase=fetch event=sources.epg.finished] EPG源: ✅ 有效地址数量：1，⛔ 停用地址数量：0
2026-09-10T23:59:07+00:00 INFO    [run=0f968ff9c30f4a60b2fa1797d9ba4184 phase=fetch event=progress.finished] 正在进行获取EPG源  1/1  匹配 83 个频道
2026-09-10T23:59:07+00:00 INFO    [run=0f968ff9c30f4a60b2fa1797d9ba4184 phase=fetch event=progress.updated] 正在进行获取订阅源  1/3 (33%)  剩余 2
2026-09-10T23:59:07+00:00 INFO    [run=0f968ff9c30f4a60b2fa1797d9ba4184 phase=fetch event=progress.updated] 正在进行获取订阅源  2/3 (66%)  剩余 1
2026-09-10T23:59:08+00:00 INFO    [run=0f968ff9c30f4a60b2fa1797d9ba4184 phase=fetch event=progress.updated] 正在进行获取订阅源  3/3 (100%)  剩余 0
2026-09-10T23:59:08+00:00 INFO    [run=0f968ff9c30f4a60b2fa1797d9ba4184 phase=fetch event=sources.subscribe.finished] 订阅源: ✅ 有效地址数量：3，⛔ 停用地址数量：0
2026-09-10T23:59:08+00:00 INFO    [run=0f968ff9c30f4a60b2fa1797d9ba4184 phase=fetch event=progress.finished] 正在进行获取订阅源  3/3  未匹配 1211
2026-09-10T23:59:24+00:00 INFO    [run=0f968ff9c30f4a60b2fa1797d9ba4184 phase=aggregate event=channels.aggregated] 频道数据聚合完成：94 个频道，281 个接口（IPv4 281 / IPv6 0）
2026-09-10T23:59:24+00:00 INFO    [run=0f968ff9c30f4a60b2fa1797d9ba4184 phase=speed_test event=speed_test.planned] 总接口数量: 260, 需要进行测速的接口数量: 260
2026-09-10T23:59:24+00:00 INFO    [run=0f968ff9c30f4a60b2fa1797d9ba4184 phase=speed_test event=progress.started] 测速  0/260
2026-09-10T23:59:25+00:00 INFO    [run=0f968ff9c30f4a60b2fa1797d9ba4184 phase=speed_test event=progress.updated] 测速  1/260 (0%)  有效 1  失败 0  CCTV-1
2026-09-10T23:59:30+00:00 INFO    [run=0f968ff9c30f4a60b2fa1797d9ba4184 phase=speed_test event=progress.updated] 测速  26/260 (10%)  有效 26  失败 0  CCTV-6
2026-09-10T23:59:35+00:00 INFO    [run=0f968ff9c30f4a60b2fa1797d9ba4184 phase=speed_test event=progress.updated] 测速  52/260 (20%)  有效 47  失败 5  CCTV-11
2026-09-10T23:59:39+00:00 INFO    [run=0f968ff9c30f4a60b2fa1797d9ba4184 phase=speed_test event=progress.updated] 测速  78/260 (30%)  有效 72  失败 6  CCTV-16
2026-09-10T23:59:44+00:00 INFO    [run=0f968ff9c30f4a60b2fa1797d9ba4184 phase=speed_test event=progress.updated] 测速  104/260 (40%)  有效 97  失败 7  湖南卫视
2026-09-10T23:59:50+00:00 INFO    [run=0f968ff9c30f4a60b2fa1797d9ba4184 phase=speed_test event=progress.updated] 测速  130/260 (50%)  有效 119  失败 11  东方卫视
2026-09-10T23:59:57+00:00 INFO    [run=0f968ff9c30f4a60b2fa1797d9ba4184 phase=speed_test event=progress.updated] 测速  156/260 (60%)  有效 141  失败 15  海南卫视
2026-09-11T00:00:02+00:00 INFO    [run=0f968ff9c30f4a60b2fa1797d9ba4184 phase=speed_test event=progress.updated] 测速  182/260 (70%)  有效 166  失败 16  宁夏卫视
2026-09-11T00:00:07+00:00 INFO    [run=0f968ff9c30f4a60b2fa1797d9ba4184 phase=speed_test event=progress.updated] 测速  208/260 (80%)  有效 189  失败 19  四川卫视
2026-09-11T00:00:12+00:00 INFO    [run=0f968ff9c30f4a60b2fa1797d9ba4184 phase=speed_test event=progress.updated] 测速  234/260 (90%)  有效 211  失败 23  云南卫视
2026-09-11T00:00:23+00:00 INFO    [run=0f968ff9c30f4a60b2fa1797d9ba4184 phase=speed_test event=progress.updated] 测速  260/260 (100%)  有效 225  失败 35  浙江经济生活
2026-09-11T00:00:23+00:00 INFO    [run=0f968ff9c30f4a60b2fa1797d9ba4184 phase=speed_test event=speed_test.artifacts_written] 测速明细已写入 output/log/speed_test.log，有效结果已写入 output/log/result.log
2026-09-11T00:00:23+00:00 INFO    [run=0f968ff9c30f4a60b2fa1797d9ba4184 phase=speed_test event=progress.finished] 测速  260/260  有效 225  失败 35
2026-09-11T00:00:23+00:00 INFO    [run=0f968ff9c30f4a60b2fa1797d9ba4184 phase=output event=output.written] 结果文件生成完成：更新 3 个文件
2026-09-11T00:00:23+00:00 INFO    [run=0f968ff9c30f4a60b2fa1797d9ba4184 phase=statistics event=statistics.finished] 频道统计完成：测试 260，有效 225
2026-09-11T00:00:23+00:00 INFO    [run=0f968ff9c30f4a60b2fa1797d9ba4184 phase=complete event=run.summary] 更新摘要
2026-09-11T00:00:23+00:00 INFO    [run=0f968ff9c30f4a60b2fa1797d9ba4184 phase=complete event=run.finished] 更新完成！总耗时：01:17
2026-09-12T00:05:24+00:00 INFO    [event=application.started] IPTV-API 版本: 3.0.0 (构建时间: 2026-08-07 11:45:59)
2026-09-12T00:05:24+00:00 INFO    [phase=prepare event=network.ipv6.checking] 🛜 正在检查当前网络是否支持IPv6...
2026-09-12T00:05:24+00:00 WARNING [phase=prepare event=network.ipv6.unsupported] 当前网络不支持IPv6，别担心，IPv6的结果会被保存下来
2026-09-12T00:05:24+00:00 INFO    [run=c11a987c43cc4d0cab3a707f05a4333f phase=prepare event=run.started] 性能模式: auto → balance，可用资源: 4.0 CPU / 15.61 GB，并发: 测速 8、媒体探测 2、源抓取 8
2026-09-12T00:05:24+00:00 INFO    [run=c11a987c43cc4d0cab3a707f05a4333f phase=prepare event=channels.catalog_loaded] 频道目录已加载：白名单 0，黑名单 2，台标 21
2026-09-12T00:05:24+00:00 INFO    [run=c11a987c43cc4d0cab3a707f05a4333f phase=fetch event=sources.subscribe.summary] 订阅源数量：3，订阅白名单数量：0，停用地址数量：0，有效总数量：3
2026-09-12T00:05:24+00:00 INFO    [run=c11a987c43cc4d0cab3a707f05a4333f phase=fetch event=progress.started] 正在进行获取订阅源  0/3
2026-09-12T00:05:24+00:00 INFO    [run=c11a987c43cc4d0cab3a707f05a4333f phase=fetch event=sources.epg.summary] EPG源数量：1，EPG白名单数量：0，停用地址数量：0，有效总数量：1
2026-09-12T00:05:24+00:00 INFO    [run=c11a987c43cc4d0cab3a707f05a4333f phase=fetch event=progress.started] 正在进行获取EPG源  0/1
2026-09-12T00:05:25+00:00 INFO    [run=c11a987c43cc4d0cab3a707f05a4333f phase=fetch event=epg.source_parsed] EPG 源解析完成：http://e.erw.cc/e.xml.gz，保留节目 3150 条
2026-09-12T00:05:25+00:00 INFO    [run=c11a987c43cc4d0cab3a707f05a4333f phase=fetch event=progress.updated] 正在进行获取EPG源  1/1 (100%)  剩余 0
2026-09-12T00:05:26+00:00 INFO    [run=c11a987c43cc4d0cab3a707f05a4333f phase=fetch event=progress.updated] 正在进行获取订阅源  1/3 (33%)  剩余 2
2026-09-12T00:05:26+00:00 INFO    [run=c11a987c43cc4d0cab3a707f05a4333f phase=fetch event=sources.epg.finished] EPG源: ✅ 有效地址数量：1，⛔ 停用地址数量：0
2026-09-12T00:05:26+00:00 INFO    [run=c11a987c43cc4d0cab3a707f05a4333f phase=fetch event=progress.finished] 正在进行获取EPG源  1/1  匹配 83 个频道
2026-09-12T00:05:26+00:00 INFO    [run=c11a987c43cc4d0cab3a707f05a4333f phase=fetch event=progress.updated] 正在进行获取订阅源  2/3 (66%)  剩余 1
2026-09-12T00:05:26+00:00 INFO    [run=c11a987c43cc4d0cab3a707f05a4333f phase=fetch event=progress.updated] 正在进行获取订阅源  3/3 (100%)  剩余 0
2026-09-12T00:05:26+00:00 INFO    [run=c11a987c43cc4d0cab3a707f05a4333f phase=fetch event=sources.subscribe.finished] 订阅源: ✅ 有效地址数量：3，⛔ 停用地址数量：0
2026-09-12T00:05:26+00:00 INFO    [run=c11a987c43cc4d0cab3a707f05a4333f phase=fetch event=progress.finished] 正在进行获取订阅源  3/3  未匹配 1211
2026-09-12T00:05:43+00:00 INFO    [run=c11a987c43cc4d0cab3a707f05a4333f phase=aggregate event=channels.aggregated] 频道数据聚合完成：94 个频道，281 个接口（IPv4 281 / IPv6 0）
2026-09-12T00:05:43+00:00 INFO    [run=c11a987c43cc4d0cab3a707f05a4333f phase=speed_test event=speed_test.planned] 总接口数量: 260, 需要进行测速的接口数量: 260
2026-09-12T00:05:43+00:00 INFO    [run=c11a987c43cc4d0cab3a707f05a4333f phase=speed_test event=progress.started] 测速  0/260
2026-09-12T00:05:44+00:00 INFO    [run=c11a987c43cc4d0cab3a707f05a4333f phase=speed_test event=progress.updated] 测速  1/260 (0%)  有效 1  失败 0  CCTV-1
2026-09-12T00:05:48+00:00 INFO    [run=c11a987c43cc4d0cab3a707f05a4333f phase=speed_test event=progress.updated] 测速  26/260 (10%)  有效 25  失败 1  CCTV-6
2026-09-12T00:05:54+00:00 INFO    [run=c11a987c43cc4d0cab3a707f05a4333f phase=speed_test event=progress.updated] 测速  52/260 (20%)  有效 48  失败 4  CCTV-11
2026-09-12T00:05:57+00:00 INFO    [run=c11a987c43cc4d0cab3a707f05a4333f phase=speed_test event=progress.updated] 测速  78/260 (30%)  有效 72  失败 6  CCTV-16
2026-09-12T00:06:02+00:00 INFO    [run=c11a987c43cc4d0cab3a707f05a4333f phase=speed_test event=progress.updated] 测速  104/260 (40%)  有效 97  失败 7  广东卫视
2026-09-12T00:06:08+00:00 INFO    [run=c11a987c43cc4d0cab3a707f05a4333f phase=speed_test event=progress.updated] 测速  130/260 (50%)  有效 117  失败 13  安徽卫视
2026-09-12T00:06:15+00:00 INFO    [run=c11a987c43cc4d0cab3a707f05a4333f phase=speed_test event=progress.updated] 测速  156/260 (60%)  有效 141  失败 15  河南卫视
2026-09-12T00:06:20+00:00 INFO    [run=c11a987c43cc4d0cab3a707f05a4333f phase=speed_test event=progress.updated] 测速  182/260 (70%)  有效 164  失败 18  江西卫视
2026-09-12T00:06:25+00:00 INFO    [run=c11a987c43cc4d0cab3a707f05a4333f phase=speed_test event=progress.updated] 测速  208/260 (80%)  有效 187  失败 21  山东卫视
2026-09-12T00:06:31+00:00 INFO    [run=c11a987c43cc4d0cab3a707f05a4333f phase=speed_test event=progress.updated] 测速  234/260 (90%)  有效 212  失败 22  云南卫视
2026-09-12T00:06:43+00:00 INFO    [run=c11a987c43cc4d0cab3a707f05a4333f phase=speed_test event=progress.updated] 测速  260/260 (100%)  有效 224  失败 36  浙江经济生活
2026-09-12T00:06:43+00:00 INFO    [run=c11a987c43cc4d0cab3a707f05a4333f phase=speed_test event=speed_test.artifacts_written] 测速明细已写入 output/log/speed_test.log，有效结果已写入 output/log/result.log
2026-09-12T00:06:43+00:00 INFO    [run=c11a987c43cc4d0cab3a707f05a4333f phase=speed_test event=progress.finished] 测速  260/260  有效 224  失败 36
2026-09-12T00:06:43+00:00 INFO    [run=c11a987c43cc4d0cab3a707f05a4333f phase=output event=output.written] 结果文件生成完成：更新 3 个文件
2026-09-12T00:06:43+00:00 INFO    [run=c11a987c43cc4d0cab3a707f05a4333f phase=statistics event=statistics.finished] 频道统计完成：测试 260，有效 224
2026-09-12T00:06:43+00:00 INFO    [run=c11a987c43cc4d0cab3a707f05a4333f phase=complete event=run.summary] 更新摘要
2026-09-12T00:06:43+00:00 INFO    [run=c11a987c43cc4d0cab3a707f05a4333f phase=complete event=run.finished] 更新完成！总耗时：01:18
2026-09-12T23:55:21+00:00 INFO    [event=application.started] IPTV-API 版本: 3.0.0 (构建时间: 2026-08-07 11:45:59)
2026-09-12T23:55:21+00:00 INFO    [phase=prepare event=network.ipv6.checking] 🛜 正在检查当前网络是否支持IPv6...
2026-09-12T23:55:21+00:00 WARNING [phase=prepare event=network.ipv6.unsupported] 当前网络不支持IPv6，别担心，IPv6的结果会被保存下来
2026-09-12T23:55:21+00:00 INFO    [run=cf37110b066c41b094a52c60f26949ee phase=prepare event=run.started] 性能模式: auto → balance，可用资源: 4.0 CPU / 15.61 GB，并发: 测速 8、媒体探测 2、源抓取 8
2026-09-12T23:55:21+00:00 INFO    [run=cf37110b066c41b094a52c60f26949ee phase=prepare event=channels.catalog_loaded] 频道目录已加载：白名单 0，黑名单 2，台标 21
2026-09-12T23:55:21+00:00 INFO    [run=cf37110b066c41b094a52c60f26949ee phase=fetch event=sources.subscribe.summary] 订阅源数量：3，订阅白名单数量：0，停用地址数量：0，有效总数量：3
2026-09-12T23:55:21+00:00 INFO    [run=cf37110b066c41b094a52c60f26949ee phase=fetch event=progress.started] 正在进行获取订阅源  0/3
2026-09-12T23:55:21+00:00 INFO    [run=cf37110b066c41b094a52c60f26949ee phase=fetch event=sources.epg.summary] EPG源数量：1，EPG白名单数量：0，停用地址数量：0，有效总数量：1
2026-09-12T23:55:21+00:00 INFO    [run=cf37110b066c41b094a52c60f26949ee phase=fetch event=progress.started] 正在进行获取EPG源  0/1
2026-09-12T23:55:23+00:00 INFO    [run=cf37110b066c41b094a52c60f26949ee phase=fetch event=progress.updated] 正在进行获取订阅源  1/3 (33%)  剩余 2
2026-09-12T23:55:23+00:00 INFO    [run=cf37110b066c41b094a52c60f26949ee phase=fetch event=progress.updated] 正在进行获取订阅源  2/3 (66%)  剩余 1
2026-09-12T23:55:23+00:00 INFO    [run=cf37110b066c41b094a52c60f26949ee phase=fetch event=progress.updated] 正在进行获取订阅源  3/3 (100%)  剩余 0
2026-09-12T23:55:23+00:00 INFO    [run=cf37110b066c41b094a52c60f26949ee phase=fetch event=sources.subscribe.finished] 订阅源: ✅ 有效地址数量：3，⛔ 停用地址数量：0
2026-09-12T23:55:23+00:00 INFO    [run=cf37110b066c41b094a52c60f26949ee phase=fetch event=progress.finished] 正在进行获取订阅源  3/3  未匹配 1211
2026-09-12T23:55:23+00:00 INFO    [run=cf37110b066c41b094a52c60f26949ee phase=fetch event=epg.source_parsed] EPG 源解析完成：http://e.erw.cc/e.xml.gz，保留节目 3099 条
2026-09-12T23:55:23+00:00 INFO    [run=cf37110b066c41b094a52c60f26949ee phase=fetch event=progress.updated] 正在进行获取EPG源  1/1 (100%)  剩余 0
2026-09-12T23:55:23+00:00 INFO    [run=cf37110b066c41b094a52c60f26949ee phase=fetch event=sources.epg.finished] EPG源: ✅ 有效地址数量：1，⛔ 停用地址数量：0
2026-09-12T23:55:23+00:00 INFO    [run=cf37110b066c41b094a52c60f26949ee phase=fetch event=progress.finished] 正在进行获取EPG源  1/1  匹配 83 个频道
2026-09-12T23:55:37+00:00 INFO    [run=cf37110b066c41b094a52c60f26949ee phase=aggregate event=channels.aggregated] 频道数据聚合完成：94 个频道，284 个接口（IPv4 284 / IPv6 0）
2026-09-12T23:55:37+00:00 INFO    [run=cf37110b066c41b094a52c60f26949ee phase=speed_test event=speed_test.planned] 总接口数量: 263, 需要进行测速的接口数量: 263
2026-09-12T23:55:37+00:00 INFO    [run=cf37110b066c41b094a52c60f26949ee phase=speed_test event=progress.started] 测速  0/263
2026-09-12T23:55:38+00:00 INFO    [run=cf37110b066c41b094a52c60f26949ee phase=speed_test event=progress.updated] 测速  1/263 (0%)  有效 1  失败 0  CCTV-1
2026-09-12T23:55:43+00:00 INFO    [run=cf37110b066c41b094a52c60f26949ee phase=speed_test event=progress.updated] 测速  27/263 (10%)  有效 25  失败 2  CCTV-6
2026-09-12T23:55:48+00:00 INFO    [run=cf37110b066c41b094a52c60f26949ee phase=speed_test event=progress.updated] 测速  53/263 (20%)  有效 49  失败 4  CCTV-10
2026-09-12T23:55:52+00:00 INFO    [run=cf37110b066c41b094a52c60f26949ee phase=speed_test event=progress.updated] 测速  79/263 (30%)  有效 75  失败 4  CCTV-15
2026-09-12T23:55:58+00:00 INFO    [run=cf37110b066c41b094a52c60f26949ee phase=speed_test event=progress.updated] 测速  106/263 (40%)  有效 99  失败 7  湖南卫视
2026-09-12T23:56:04+00:00 INFO    [run=cf37110b066c41b094a52c60f26949ee phase=speed_test event=progress.updated] 测速  132/263 (50%)  有效 122  失败 10  重庆卫视
2026-09-12T23:56:10+00:00 INFO    [run=cf37110b066c41b094a52c60f26949ee phase=speed_test event=progress.updated] 测速  158/263 (60%)  有效 146  失败 12  海南卫视
2026-09-12T23:56:15+00:00 INFO    [run=cf37110b066c41b094a52c60f26949ee phase=speed_test event=progress.updated] 测速  185/263 (70%)  有效 170  失败 15  宁夏卫视
2026-09-12T23:56:20+00:00 INFO    [run=cf37110b066c41b094a52c60f26949ee phase=speed_test event=progress.updated] 测速  211/263 (80%)  有效 195  失败 16  四川卫视
2026-09-12T23:56:25+00:00 INFO    [run=cf37110b066c41b094a52c60f26949ee phase=speed_test event=progress.updated] 测速  237/263 (90%)  有效 219  失败 18  新疆卫视
2026-09-12T23:56:35+00:00 INFO    [run=cf37110b066c41b094a52c60f26949ee phase=speed_test event=progress.updated] 测速  263/263 (100%)  有效 235  失败 28  浙江经济生活
2026-09-12T23:56:35+00:00 INFO    [run=cf37110b066c41b094a52c60f26949ee phase=speed_test event=speed_test.artifacts_written] 测速明细已写入 output/log/speed_test.log，有效结果已写入 output/log/result.log
2026-09-12T23:56:35+00:00 INFO    [run=cf37110b066c41b094a52c60f26949ee phase=speed_test event=progress.finished] 测速  263/263  有效 235  失败 28
2026-09-12T23:56:35+00:00 INFO    [run=cf37110b066c41b094a52c60f26949ee phase=output event=output.written] 结果文件生成完成：更新 3 个文件
2026-09-12T23:56:35+00:00 INFO    [run=cf37110b066c41b094a52c60f26949ee phase=statistics event=statistics.finished] 频道统计完成：测试 263，有效 235
2026-09-12T23:56:35+00:00 INFO    [run=cf37110b066c41b094a52c60f26949ee phase=complete event=run.summary] 更新摘要
2026-09-12T23:56:35+00:00 INFO    [run=cf37110b066c41b094a52c60f26949ee phase=complete event=run.finished] 更新完成！总耗时：01:13
2026-09-14T00:03:32+00:00 INFO    [event=application.started] IPTV-API 版本: 3.0.0 (构建时间: 2026-08-07 11:45:59)
2026-09-14T00:03:33+00:00 INFO    [phase=prepare event=network.ipv6.checking] 🛜 正在检查当前网络是否支持IPv6...
2026-09-14T00:03:33+00:00 WARNING [phase=prepare event=network.ipv6.unsupported] 当前网络不支持IPv6，别担心，IPv6的结果会被保存下来
2026-09-14T00:03:33+00:00 INFO    [run=e17d0001a24540079224ba7c423c55fc phase=prepare event=run.started] 性能模式: auto → balance，可用资源: 4.0 CPU / 15.61 GB，并发: 测速 8、媒体探测 2、源抓取 8
2026-09-14T00:03:33+00:00 INFO    [run=e17d0001a24540079224ba7c423c55fc phase=prepare event=channels.catalog_loaded] 频道目录已加载：白名单 0，黑名单 2，台标 21
2026-09-14T00:03:33+00:00 INFO    [run=e17d0001a24540079224ba7c423c55fc phase=fetch event=sources.subscribe.summary] 订阅源数量：3，订阅白名单数量：0，停用地址数量：0，有效总数量：3
2026-09-14T00:03:33+00:00 INFO    [run=e17d0001a24540079224ba7c423c55fc phase=fetch event=progress.started] 正在进行获取订阅源  0/3
2026-09-14T00:03:33+00:00 INFO    [run=e17d0001a24540079224ba7c423c55fc phase=fetch event=sources.epg.summary] EPG源数量：1，EPG白名单数量：0，停用地址数量：0，有效总数量：1
2026-09-14T00:03:33+00:00 INFO    [run=e17d0001a24540079224ba7c423c55fc phase=fetch event=progress.started] 正在进行获取EPG源  0/1
2026-09-14T00:03:34+00:00 INFO    [run=e17d0001a24540079224ba7c423c55fc phase=fetch event=progress.updated] 正在进行获取订阅源  1/3 (33%)  剩余 2
2026-09-14T00:03:34+00:00 INFO    [run=e17d0001a24540079224ba7c423c55fc phase=fetch event=epg.source_parsed] EPG 源解析完成：http://e.erw.cc/e.xml.gz，保留节目 3212 条
2026-09-14T00:03:34+00:00 INFO    [run=e17d0001a24540079224ba7c423c55fc phase=fetch event=progress.updated] 正在进行获取EPG源  1/1 (100%)  剩余 0
2026-09-14T00:03:34+00:00 INFO    [run=e17d0001a24540079224ba7c423c55fc phase=fetch event=progress.updated] 正在进行获取订阅源  2/3 (66%)  剩余 1
2026-09-14T00:03:34+00:00 INFO    [run=e17d0001a24540079224ba7c423c55fc phase=fetch event=progress.updated] 正在进行获取订阅源  3/3 (100%)  剩余 0
2026-09-14T00:03:34+00:00 INFO    [run=e17d0001a24540079224ba7c423c55fc phase=fetch event=sources.epg.finished] EPG源: ✅ 有效地址数量：1，⛔ 停用地址数量：0
2026-09-14T00:03:34+00:00 INFO    [run=e17d0001a24540079224ba7c423c55fc phase=fetch event=progress.finished] 正在进行获取EPG源  1/1  匹配 82 个频道
2026-09-14T00:03:34+00:00 INFO    [run=e17d0001a24540079224ba7c423c55fc phase=fetch event=sources.subscribe.finished] 订阅源: ✅ 有效地址数量：3，⛔ 停用地址数量：0
2026-09-14T00:03:34+00:00 INFO    [run=e17d0001a24540079224ba7c423c55fc phase=fetch event=progress.finished] 正在进行获取订阅源  3/3  未匹配 1211
2026-09-14T00:03:50+00:00 INFO    [run=e17d0001a24540079224ba7c423c55fc phase=aggregate event=channels.aggregated] 频道数据聚合完成：94 个频道，284 个接口（IPv4 284 / IPv6 0）
2026-09-14T00:03:50+00:00 INFO    [run=e17d0001a24540079224ba7c423c55fc phase=speed_test event=speed_test.planned] 总接口数量: 263, 需要进行测速的接口数量: 263
2026-09-14T00:03:50+00:00 INFO    [run=e17d0001a24540079224ba7c423c55fc phase=speed_test event=progress.started] 测速  0/263
2026-09-14T00:03:51+00:00 INFO    [run=e17d0001a24540079224ba7c423c55fc phase=speed_test event=progress.updated] 测速  1/263 (0%)  有效 1  失败 0  CCTV-1
2026-09-14T00:03:57+00:00 INFO    [run=e17d0001a24540079224ba7c423c55fc phase=speed_test event=progress.updated] 测速  27/263 (10%)  有效 25  失败 2  CCTV-5
2026-09-14T00:04:03+00:00 INFO    [run=e17d0001a24540079224ba7c423c55fc phase=speed_test event=progress.updated] 测速  53/263 (20%)  有效 49  失败 4  CCTV-10
2026-09-14T00:04:08+00:00 INFO    [run=e17d0001a24540079224ba7c423c55fc phase=speed_test event=progress.updated] 测速  79/263 (30%)  有效 73  失败 6  CCTV-15
2026-09-14T00:04:14+00:00 INFO    [run=e17d0001a24540079224ba7c423c55fc phase=speed_test event=progress.updated] 测速  106/263 (40%)  有效 99  失败 7  湖南卫视
2026-09-14T00:04:20+00:00 INFO    [run=e17d0001a24540079224ba7c423c55fc phase=speed_test event=progress.updated] 测速  132/263 (50%)  有效 120  失败 12  安徽卫视
2026-09-14T00:04:27+00:00 INFO    [run=e17d0001a24540079224ba7c423c55fc phase=speed_test event=progress.updated] 测速  158/263 (60%)  有效 143  失败 15  河南卫视
2026-09-14T00:04:32+00:00 INFO    [run=e17d0001a24540079224ba7c423c55fc phase=speed_test event=progress.updated] 测速  185/263 (70%)  有效 166  失败 19  宁夏卫视
2026-09-14T00:04:38+00:00 INFO    [run=e17d0001a24540079224ba7c423c55fc phase=speed_test event=progress.updated] 测速  211/263 (80%)  有效 187  失败 24  山西卫视
2026-09-14T00:04:44+00:00 INFO    [run=e17d0001a24540079224ba7c423c55fc phase=speed_test event=progress.updated] 测速  237/263 (90%)  有效 208  失败 29  新疆卫视
2026-09-14T00:04:57+00:00 INFO    [run=e17d0001a24540079224ba7c423c55fc phase=speed_test event=progress.updated] 测速  263/263 (100%)  有效 224  失败 39  浙江数码时代
2026-09-14T00:04:57+00:00 INFO    [run=e17d0001a24540079224ba7c423c55fc phase=speed_test event=speed_test.artifacts_written] 测速明细已写入 output/log/speed_test.log，有效结果已写入 output/log/result.log
2026-09-14T00:04:57+00:00 INFO    [run=e17d0001a24540079224ba7c423c55fc phase=speed_test event=progress.finished] 测速  263/263  有效 224  失败 39
2026-09-14T00:04:57+00:00 INFO    [run=e17d0001a24540079224ba7c423c55fc phase=output event=output.written] 结果文件生成完成：更新 3 个文件
2026-09-14T00:04:57+00:00 INFO    [run=e17d0001a24540079224ba7c423c55fc phase=statistics event=statistics.finished] 频道统计完成：测试 263，有效 224
2026-09-14T00:04:57+00:00 INFO    [run=e17d0001a24540079224ba7c423c55fc phase=complete event=run.summary] 更新摘要
2026-09-14T00:04:57+00:00 INFO    [run=e17d0001a24540079224ba7c423c55fc phase=complete event=run.finished] 更新完成！总耗时：01:23
2026-09-15T00:27:43+00:00 INFO    [event=application.started] IPTV-API 版本: 3.0.0 (构建时间: 2026-08-07 11:45:59)
2026-09-15T00:27:43+00:00 INFO    [phase=prepare event=network.ipv6.checking] 🛜 正在检查当前网络是否支持IPv6...
2026-09-15T00:27:44+00:00 WARNING [phase=prepare event=network.ipv6.unsupported] 当前网络不支持IPv6，别担心，IPv6的结果会被保存下来
2026-09-15T00:27:44+00:00 INFO    [run=668730572b8449c79093c44fd1b14788 phase=prepare event=run.started] 性能模式: auto → balance，可用资源: 4.0 CPU / 15.61 GB，并发: 测速 8、媒体探测 2、源抓取 8
2026-09-15T00:27:44+00:00 INFO    [run=668730572b8449c79093c44fd1b14788 phase=prepare event=channels.catalog_loaded] 频道目录已加载：白名单 0，黑名单 2，台标 21
2026-09-15T00:27:44+00:00 INFO    [run=668730572b8449c79093c44fd1b14788 phase=fetch event=sources.subscribe.summary] 订阅源数量：3，订阅白名单数量：0，停用地址数量：0，有效总数量：3
2026-09-15T00:27:44+00:00 INFO    [run=668730572b8449c79093c44fd1b14788 phase=fetch event=progress.started] 正在进行获取订阅源  0/3
2026-09-15T00:27:44+00:00 INFO    [run=668730572b8449c79093c44fd1b14788 phase=fetch event=sources.epg.summary] EPG源数量：1，EPG白名单数量：0，停用地址数量：0，有效总数量：1
2026-09-15T00:27:44+00:00 INFO    [run=668730572b8449c79093c44fd1b14788 phase=fetch event=progress.started] 正在进行获取EPG源  0/1
2026-09-15T00:27:45+00:00 INFO    [run=668730572b8449c79093c44fd1b14788 phase=fetch event=progress.updated] 正在进行获取订阅源  1/3 (33%)  剩余 2
2026-09-15T00:27:45+00:00 INFO    [run=668730572b8449c79093c44fd1b14788 phase=fetch event=progress.updated] 正在进行获取订阅源  2/3 (66%)  剩余 1
2026-09-15T00:27:45+00:00 INFO    [run=668730572b8449c79093c44fd1b14788 phase=fetch event=epg.source_parsed] EPG 源解析完成：http://e.erw.cc/e.xml.gz，保留节目 3231 条
2026-09-15T00:27:45+00:00 INFO    [run=668730572b8449c79093c44fd1b14788 phase=fetch event=progress.updated] 正在进行获取EPG源  1/1 (100%)  剩余 0
2026-09-15T00:27:45+00:00 INFO    [run=668730572b8449c79093c44fd1b14788 phase=fetch event=progress.updated] 正在进行获取订阅源  3/3 (100%)  剩余 0
2026-09-15T00:27:45+00:00 INFO    [run=668730572b8449c79093c44fd1b14788 phase=fetch event=sources.epg.finished] EPG源: ✅ 有效地址数量：1，⛔ 停用地址数量：0
2026-09-15T00:27:45+00:00 INFO    [run=668730572b8449c79093c44fd1b14788 phase=fetch event=progress.finished] 正在进行获取EPG源  1/1  匹配 83 个频道
2026-09-15T00:27:45+00:00 INFO    [run=668730572b8449c79093c44fd1b14788 phase=fetch event=sources.subscribe.finished] 订阅源: ✅ 有效地址数量：3，⛔ 停用地址数量：0
2026-09-15T00:27:45+00:00 INFO    [run=668730572b8449c79093c44fd1b14788 phase=fetch event=progress.finished] 正在进行获取订阅源  3/3  未匹配 1211
2026-09-15T00:28:04+00:00 INFO    [run=668730572b8449c79093c44fd1b14788 phase=aggregate event=channels.aggregated] 频道数据聚合完成：94 个频道，284 个接口（IPv4 284 / IPv6 0）
2026-09-15T00:28:04+00:00 INFO    [run=668730572b8449c79093c44fd1b14788 phase=speed_test event=speed_test.planned] 总接口数量: 263, 需要进行测速的接口数量: 263
2026-09-15T00:28:04+00:00 INFO    [run=668730572b8449c79093c44fd1b14788 phase=speed_test event=progress.started] 测速  0/263
2026-09-15T00:28:04+00:00 INFO    [run=668730572b8449c79093c44fd1b14788 phase=speed_test event=progress.updated] 测速  1/263 (0%)  有效 1  失败 0  CCTV-2
2026-09-15T00:28:11+00:00 INFO    [run=668730572b8449c79093c44fd1b14788 phase=speed_test event=progress.updated] 测速  27/263 (10%)  有效 22  失败 5  CCTV-6
2026-09-15T00:28:15+00:00 INFO    [run=668730572b8449c79093c44fd1b14788 phase=speed_test event=progress.updated] 测速  53/263 (20%)  有效 43  失败 10  CCTV-8
2026-09-15T00:28:20+00:00 INFO    [run=668730572b8449c79093c44fd1b14788 phase=speed_test event=progress.updated] 测速  79/263 (30%)  有效 64  失败 15  CCTV-15
2026-09-15T00:28:26+00:00 INFO    [run=668730572b8449c79093c44fd1b14788 phase=speed_test event=progress.updated] 测速  106/263 (40%)  有效 88  失败 18  湖南卫视
2026-09-15T00:28:31+00:00 INFO    [run=668730572b8449c79093c44fd1b14788 phase=speed_test event=progress.updated] 测速  132/263 (50%)  有效 107  失败 25  黑龙江卫视
2026-09-15T00:28:39+00:00 INFO    [run=668730572b8449c79093c44fd1b14788 phase=speed_test event=progress.updated] 测速  158/263 (60%)  有效 126  失败 32  海南卫视
2026-09-15T00:28:43+00:00 INFO    [run=668730572b8449c79093c44fd1b14788 phase=speed_test event=progress.updated] 测速  185/263 (70%)  有效 150  失败 35  宁夏卫视
2026-09-15T00:28:47+00:00 INFO    [run=668730572b8449c79093c44fd1b14788 phase=speed_test event=progress.updated] 测速  211/263 (80%)  有效 173  失败 38  四川卫视
2026-09-15T00:28:51+00:00 INFO    [run=668730572b8449c79093c44fd1b14788 phase=speed_test event=progress.updated] 测速  237/263 (90%)  有效 194  失败 43  新疆卫视
2026-09-15T00:29:06+00:00 INFO    [run=668730572b8449c79093c44fd1b14788 phase=speed_test event=progress.updated] 测速  263/263 (100%)  有效 205  失败 58  浙江数码时代
2026-09-15T00:29:06+00:00 INFO    [run=668730572b8449c79093c44fd1b14788 phase=speed_test event=speed_test.artifacts_written] 测速明细已写入 output/log/speed_test.log，有效结果已写入 output/log/result.log
2026-09-15T00:29:06+00:00 INFO    [run=668730572b8449c79093c44fd1b14788 phase=speed_test event=progress.finished] 测速  263/263  有效 205  失败 58
2026-09-15T00:29:06+00:00 INFO    [run=668730572b8449c79093c44fd1b14788 phase=output event=output.written] 结果文件生成完成：更新 3 个文件
2026-09-15T00:29:06+00:00 INFO    [run=668730572b8449c79093c44fd1b14788 phase=statistics event=statistics.finished] 频道统计完成：测试 263，有效 205
2026-09-15T00:29:06+00:00 INFO    [run=668730572b8449c79093c44fd1b14788 phase=complete event=run.summary] 更新摘要
2026-09-15T00:29:06+00:00 INFO    [run=668730572b8449c79093c44fd1b14788 phase=complete event=run.finished] 更新完成！总耗时：01:22
2026-09-16T00:07:33+00:00 INFO    [event=application.started] IPTV-API 版本: 3.0.0 (构建时间: 2026-08-07 11:45:59)
2026-09-16T00:07:34+00:00 INFO    [phase=prepare event=network.ipv6.checking] 🛜 正在检查当前网络是否支持IPv6...
2026-09-16T00:07:34+00:00 WARNING [phase=prepare event=network.ipv6.unsupported] 当前网络不支持IPv6，别担心，IPv6的结果会被保存下来
2026-09-16T00:07:34+00:00 INFO    [run=401d46efea654703ad2a7ea5f99f8143 phase=prepare event=run.started] 性能模式: auto → balance，可用资源: 4.0 CPU / 15.61 GB，并发: 测速 8、媒体探测 2、源抓取 8
2026-09-16T00:07:34+00:00 INFO    [run=401d46efea654703ad2a7ea5f99f8143 phase=prepare event=channels.catalog_loaded] 频道目录已加载：白名单 0，黑名单 2，台标 21
2026-09-16T00:07:34+00:00 INFO    [run=401d46efea654703ad2a7ea5f99f8143 phase=fetch event=sources.subscribe.summary] 订阅源数量：3，订阅白名单数量：0，停用地址数量：0，有效总数量：3
2026-09-16T00:07:34+00:00 INFO    [run=401d46efea654703ad2a7ea5f99f8143 phase=fetch event=progress.started] 正在进行获取订阅源  0/3
2026-09-16T00:07:34+00:00 INFO    [run=401d46efea654703ad2a7ea5f99f8143 phase=fetch event=sources.epg.summary] EPG源数量：1，EPG白名单数量：0，停用地址数量：0，有效总数量：1
2026-09-16T00:07:34+00:00 INFO    [run=401d46efea654703ad2a7ea5f99f8143 phase=fetch event=progress.started] 正在进行获取EPG源  0/1
2026-09-16T00:07:35+00:00 INFO    [run=401d46efea654703ad2a7ea5f99f8143 phase=fetch event=epg.source_parsed] EPG 源解析完成：http://e.erw.cc/e.xml.gz，保留节目 3134 条
2026-09-16T00:07:35+00:00 INFO    [run=401d46efea654703ad2a7ea5f99f8143 phase=fetch event=progress.updated] 正在进行获取EPG源  1/1 (100%)  剩余 0
2026-09-16T00:07:35+00:00 INFO    [run=401d46efea654703ad2a7ea5f99f8143 phase=fetch event=sources.epg.finished] EPG源: ✅ 有效地址数量：1，⛔ 停用地址数量：0
2026-09-16T00:07:35+00:00 INFO    [run=401d46efea654703ad2a7ea5f99f8143 phase=fetch event=progress.finished] 正在进行获取EPG源  1/1  匹配 83 个频道
2026-09-16T00:07:35+00:00 INFO    [run=401d46efea654703ad2a7ea5f99f8143 phase=fetch event=progress.updated] 正在进行获取订阅源  1/3 (33%)  剩余 2
2026-09-16T00:07:36+00:00 INFO    [run=401d46efea654703ad2a7ea5f99f8143 phase=fetch event=progress.updated] 正在进行获取订阅源  2/3 (66%)  剩余 1
2026-09-16T00:07:36+00:00 INFO    [run=401d46efea654703ad2a7ea5f99f8143 phase=fetch event=progress.updated] 正在进行获取订阅源  3/3 (100%)  剩余 0
2026-09-16T00:07:36+00:00 INFO    [run=401d46efea654703ad2a7ea5f99f8143 phase=fetch event=sources.subscribe.finished] 订阅源: ✅ 有效地址数量：3，⛔ 停用地址数量：0
2026-09-16T00:07:36+00:00 INFO    [run=401d46efea654703ad2a7ea5f99f8143 phase=fetch event=progress.finished] 正在进行获取订阅源  3/3  未匹配 1211
2026-09-16T00:07:53+00:00 INFO    [run=401d46efea654703ad2a7ea5f99f8143 phase=aggregate event=channels.aggregated] 频道数据聚合完成：94 个频道，284 个接口（IPv4 284 / IPv6 0）
2026-09-16T00:07:53+00:00 INFO    [run=401d46efea654703ad2a7ea5f99f8143 phase=speed_test event=speed_test.planned] 总接口数量: 263, 需要进行测速的接口数量: 263
2026-09-16T00:07:53+00:00 INFO    [run=401d46efea654703ad2a7ea5f99f8143 phase=speed_test event=progress.started] 测速  0/263
2026-09-16T00:07:54+00:00 INFO    [run=401d46efea654703ad2a7ea5f99f8143 phase=speed_test event=progress.updated] 测速  1/263 (0%)  有效 1  失败 0  CCTV-2
2026-09-16T00:08:01+00:00 INFO    [run=401d46efea654703ad2a7ea5f99f8143 phase=speed_test event=progress.updated] 测速  27/263 (10%)  有效 22  失败 5  CCTV-6
2026-09-16T00:08:05+00:00 INFO    [run=401d46efea654703ad2a7ea5f99f8143 phase=speed_test event=progress.updated] 测速  53/263 (20%)  有效 41  失败 12  CCTV-11
2026-09-16T00:08:11+00:00 INFO    [run=401d46efea654703ad2a7ea5f99f8143 phase=speed_test event=progress.updated] 测速  79/263 (30%)  有效 60  失败 19  CCTV-12
2026-09-16T00:08:17+00:00 INFO    [run=401d46efea654703ad2a7ea5f99f8143 phase=speed_test event=progress.updated] 测速  106/263 (40%)  有效 83  失败 23  湖南卫视
2026-09-16T00:08:22+00:00 INFO    [run=401d46efea654703ad2a7ea5f99f8143 phase=speed_test event=progress.updated] 测速  132/263 (50%)  有效 99  失败 33  重庆卫视
2026-09-16T00:08:29+00:00 INFO    [run=401d46efea654703ad2a7ea5f99f8143 phase=speed_test event=progress.updated] 测速  158/263 (60%)  有效 120  失败 38  河北卫视
2026-09-16T00:08:34+00:00 INFO    [run=401d46efea654703ad2a7ea5f99f8143 phase=speed_test event=progress.updated] 测速  185/263 (70%)  有效 143  失败 42  河南卫视
2026-09-16T00:08:39+00:00 INFO    [run=401d46efea654703ad2a7ea5f99f8143 phase=speed_test event=progress.updated] 测速  211/263 (80%)  有效 167  失败 44  深圳卫视
2026-09-16T00:08:44+00:00 INFO    [run=401d46efea654703ad2a7ea5f99f8143 phase=speed_test event=progress.updated] 测速  237/263 (90%)  有效 189  失败 48  深圳卫视
2026-09-16T00:08:57+00:00 INFO    [run=401d46efea654703ad2a7ea5f99f8143 phase=speed_test event=progress.updated] 测速  263/263 (100%)  有效 202  失败 61  浙江数码时代
2026-09-16T00:08:57+00:00 INFO    [run=401d46efea654703ad2a7ea5f99f8143 phase=speed_test event=speed_test.artifacts_written] 测速明细已写入 output/log/speed_test.log，有效结果已写入 output/log/result.log
2026-09-16T00:08:57+00:00 INFO    [run=401d46efea654703ad2a7ea5f99f8143 phase=speed_test event=progress.finished] 测速  263/263  有效 202  失败 61
2026-09-16T00:08:57+00:00 INFO    [run=401d46efea654703ad2a7ea5f99f8143 phase=output event=output.written] 结果文件生成完成：更新 3 个文件
2026-09-16T00:08:57+00:00 INFO    [run=401d46efea654703ad2a7ea5f99f8143 phase=statistics event=statistics.finished] 频道统计完成：测试 263，有效 202
2026-09-16T00:08:57+00:00 INFO    [run=401d46efea654703ad2a7ea5f99f8143 phase=complete event=run.summary] 更新摘要
2026-09-16T00:08:57+00:00 INFO    [run=401d46efea654703ad2a7ea5f99f8143 phase=complete event=run.finished] 更新完成！总耗时：01:22
2026-09-17T00:17:51+00:00 INFO    [event=application.started] IPTV-API 版本: 3.0.0 (构建时间: 2026-08-07 11:45:59)
2026-09-17T00:17:51+00:00 INFO    [phase=prepare event=network.ipv6.checking] 🛜 正在检查当前网络是否支持IPv6...
2026-09-17T00:17:52+00:00 WARNING [phase=prepare event=network.ipv6.unsupported] 当前网络不支持IPv6，别担心，IPv6的结果会被保存下来
2026-09-17T00:17:52+00:00 INFO    [run=1291f4fc0eb04d5db423ab283e1b47b3 phase=prepare event=run.started] 性能模式: auto → balance，可用资源: 4.0 CPU / 15.61 GB，并发: 测速 8、媒体探测 2、源抓取 8
2026-09-17T00:17:52+00:00 INFO    [run=1291f4fc0eb04d5db423ab283e1b47b3 phase=prepare event=channels.catalog_loaded] 频道目录已加载：白名单 0，黑名单 2，台标 21
2026-09-17T00:17:52+00:00 INFO    [run=1291f4fc0eb04d5db423ab283e1b47b3 phase=fetch event=sources.subscribe.summary] 订阅源数量：3，订阅白名单数量：0，停用地址数量：0，有效总数量：3
2026-09-17T00:17:52+00:00 INFO    [run=1291f4fc0eb04d5db423ab283e1b47b3 phase=fetch event=progress.started] 正在进行获取订阅源  0/3
2026-09-17T00:17:52+00:00 INFO    [run=1291f4fc0eb04d5db423ab283e1b47b3 phase=fetch event=sources.epg.summary] EPG源数量：1，EPG白名单数量：0，停用地址数量：0，有效总数量：1
2026-09-17T00:17:52+00:00 INFO    [run=1291f4fc0eb04d5db423ab283e1b47b3 phase=fetch event=progress.started] 正在进行获取EPG源  0/1
2026-09-17T00:17:53+00:00 INFO    [run=1291f4fc0eb04d5db423ab283e1b47b3 phase=fetch event=epg.source_parsed] EPG 源解析完成：http://e.erw.cc/e.xml.gz，保留节目 3240 条
2026-09-17T00:17:53+00:00 INFO    [run=1291f4fc0eb04d5db423ab283e1b47b3 phase=fetch event=progress.updated] 正在进行获取EPG源  1/1 (100%)  剩余 0
2026-09-17T00:17:53+00:00 INFO    [run=1291f4fc0eb04d5db423ab283e1b47b3 phase=fetch event=sources.epg.finished] EPG源: ✅ 有效地址数量：1，⛔ 停用地址数量：0
2026-09-17T00:17:53+00:00 INFO    [run=1291f4fc0eb04d5db423ab283e1b47b3 phase=fetch event=progress.finished] 正在进行获取EPG源  1/1  匹配 83 个频道
2026-09-17T00:17:53+00:00 INFO    [run=1291f4fc0eb04d5db423ab283e1b47b3 phase=fetch event=progress.updated] 正在进行获取订阅源  1/3 (33%)  剩余 2
2026-09-17T00:17:53+00:00 INFO    [run=1291f4fc0eb04d5db423ab283e1b47b3 phase=fetch event=progress.updated] 正在进行获取订阅源  2/3 (66%)  剩余 1
2026-09-17T00:17:53+00:00 INFO    [run=1291f4fc0eb04d5db423ab283e1b47b3 phase=fetch event=progress.updated] 正在进行获取订阅源  3/3 (100%)  剩余 0
2026-09-17T00:17:53+00:00 INFO    [run=1291f4fc0eb04d5db423ab283e1b47b3 phase=fetch event=sources.subscribe.finished] 订阅源: ✅ 有效地址数量：3，⛔ 停用地址数量：0
2026-09-17T00:17:53+00:00 INFO    [run=1291f4fc0eb04d5db423ab283e1b47b3 phase=fetch event=progress.finished] 正在进行获取订阅源  3/3  未匹配 1211
2026-09-17T00:18:09+00:00 INFO    [run=1291f4fc0eb04d5db423ab283e1b47b3 phase=aggregate event=channels.aggregated] 频道数据聚合完成：94 个频道，284 个接口（IPv4 284 / IPv6 0）
2026-09-17T00:18:09+00:00 INFO    [run=1291f4fc0eb04d5db423ab283e1b47b3 phase=speed_test event=speed_test.planned] 总接口数量: 263, 需要进行测速的接口数量: 263
2026-09-17T00:18:09+00:00 INFO    [run=1291f4fc0eb04d5db423ab283e1b47b3 phase=speed_test event=progress.started] 测速  0/263
2026-09-17T00:18:10+00:00 INFO    [run=1291f4fc0eb04d5db423ab283e1b47b3 phase=speed_test event=progress.updated] 测速  1/263 (0%)  有效 1  失败 0  CCTV-2
2026-09-17T00:18:17+00:00 INFO    [run=1291f4fc0eb04d5db423ab283e1b47b3 phase=speed_test event=progress.updated] 测速  27/263 (10%)  有效 26  失败 1  CCTV-5+
2026-09-17T00:18:25+00:00 INFO    [run=1291f4fc0eb04d5db423ab283e1b47b3 phase=speed_test event=progress.updated] 测速  53/263 (20%)  有效 46  失败 7  CCTV-9
2026-09-17T00:18:32+00:00 INFO    [run=1291f4fc0eb04d5db423ab283e1b47b3 phase=speed_test event=progress.updated] 测速  79/263 (30%)  有效 69  失败 10  CCTV-13
2026-09-17T00:18:41+00:00 INFO    [run=1291f4fc0eb04d5db423ab283e1b47b3 phase=speed_test event=progress.updated] 测速  106/263 (40%)  有效 89  失败 17  浙江卫视
2026-09-17T00:18:47+00:00 INFO    [run=1291f4fc0eb04d5db423ab283e1b47b3 phase=speed_test event=progress.updated] 测速  132/263 (50%)  有效 106  失败 26  重庆卫视
2026-09-17T00:18:56+00:00 INFO    [run=1291f4fc0eb04d5db423ab283e1b47b3 phase=speed_test event=progress.updated] 测速  158/263 (60%)  有效 121  失败 37  河北卫视
2026-09-17T00:19:03+00:00 INFO    [run=1291f4fc0eb04d5db423ab283e1b47b3 phase=speed_test event=progress.updated] 测速  185/263 (70%)  有效 141  失败 44  宁夏卫视
2026-09-17T00:19:10+00:00 INFO    [run=1291f4fc0eb04d5db423ab283e1b47b3 phase=speed_test event=progress.updated] 测速  211/263 (80%)  有效 163  失败 48  山西卫视
2026-09-17T00:19:17+00:00 INFO    [run=1291f4fc0eb04d5db423ab283e1b47b3 phase=speed_test event=progress.updated] 测速  237/263 (90%)  有效 183  失败 54  广东珠江
2026-09-17T00:19:27+00:00 INFO    [run=1291f4fc0eb04d5db423ab283e1b47b3 phase=speed_test event=progress.updated] 测速  263/263 (100%)  有效 198  失败 65  浙江经济生活
2026-09-17T00:19:27+00:00 INFO    [run=1291f4fc0eb04d5db423ab283e1b47b3 phase=speed_test event=speed_test.artifacts_written] 测速明细已写入 output/log/speed_test.log，有效结果已写入 output/log/result.log
2026-09-17T00:19:27+00:00 INFO    [run=1291f4fc0eb04d5db423ab283e1b47b3 phase=speed_test event=progress.finished] 测速  263/263  有效 198  失败 65
2026-09-17T00:19:27+00:00 INFO    [run=1291f4fc0eb04d5db423ab283e1b47b3 phase=output event=output.written] 结果文件生成完成：更新 3 个文件
2026-09-17T00:19:27+00:00 INFO    [run=1291f4fc0eb04d5db423ab283e1b47b3 phase=statistics event=statistics.finished] 频道统计完成：测试 263，有效 198
2026-09-17T00:19:27+00:00 INFO    [run=1291f4fc0eb04d5db423ab283e1b47b3 phase=complete event=run.summary] 更新摘要
2026-09-17T00:19:27+00:00 INFO    [run=1291f4fc0eb04d5db423ab283e1b47b3 phase=complete event=run.finished] 更新完成！总耗时：01:35
2026-09-18T00:03:13+00:00 INFO    [event=application.started] IPTV-API 版本: 3.0.0 (构建时间: 2026-08-07 11:45:59)
2026-09-18T00:03:13+00:00 INFO    [phase=prepare event=network.ipv6.checking] 🛜 正在检查当前网络是否支持IPv6...
2026-09-18T00:03:13+00:00 WARNING [phase=prepare event=network.ipv6.unsupported] 当前网络不支持IPv6，别担心，IPv6的结果会被保存下来
2026-09-18T00:03:13+00:00 INFO    [run=4726dfb488c44f399ac078e02fe6ffdf phase=prepare event=run.started] 性能模式: auto → balance，可用资源: 4.0 CPU / 15.61 GB，并发: 测速 8、媒体探测 2、源抓取 8
2026-09-18T00:03:13+00:00 INFO    [run=4726dfb488c44f399ac078e02fe6ffdf phase=prepare event=channels.catalog_loaded] 频道目录已加载：白名单 0，黑名单 2，台标 21
2026-09-18T00:03:13+00:00 INFO    [run=4726dfb488c44f399ac078e02fe6ffdf phase=fetch event=sources.subscribe.summary] 订阅源数量：3，订阅白名单数量：0，停用地址数量：0，有效总数量：3
2026-09-18T00:03:13+00:00 INFO    [run=4726dfb488c44f399ac078e02fe6ffdf phase=fetch event=progress.started] 正在进行获取订阅源  0/3
2026-09-18T00:03:13+00:00 INFO    [run=4726dfb488c44f399ac078e02fe6ffdf phase=fetch event=sources.epg.summary] EPG源数量：1，EPG白名单数量：0，停用地址数量：0，有效总数量：1
2026-09-18T00:03:13+00:00 INFO    [run=4726dfb488c44f399ac078e02fe6ffdf phase=fetch event=progress.started] 正在进行获取EPG源  0/1
2026-09-18T00:03:14+00:00 INFO    [run=4726dfb488c44f399ac078e02fe6ffdf phase=fetch event=epg.source_parsed] EPG 源解析完成：http://e.erw.cc/e.xml.gz，保留节目 3182 条
2026-09-18T00:03:14+00:00 INFO    [run=4726dfb488c44f399ac078e02fe6ffdf phase=fetch event=progress.updated] 正在进行获取EPG源  1/1 (100%)  剩余 0
2026-09-18T00:03:14+00:00 INFO    [run=4726dfb488c44f399ac078e02fe6ffdf phase=fetch event=sources.epg.finished] EPG源: ✅ 有效地址数量：1，⛔ 停用地址数量：0
2026-09-18T00:03:14+00:00 INFO    [run=4726dfb488c44f399ac078e02fe6ffdf phase=fetch event=progress.finished] 正在进行获取EPG源  1/1  匹配 83 个频道
2026-09-18T00:03:14+00:00 INFO    [run=4726dfb488c44f399ac078e02fe6ffdf phase=fetch event=progress.updated] 正在进行获取订阅源  1/3 (33%)  剩余 2
2026-09-18T00:03:14+00:00 INFO    [run=4726dfb488c44f399ac078e02fe6ffdf phase=fetch event=progress.updated] 正在进行获取订阅源  2/3 (66%)  剩余 1
2026-09-18T00:03:14+00:00 INFO    [run=4726dfb488c44f399ac078e02fe6ffdf phase=fetch event=progress.updated] 正在进行获取订阅源  3/3 (100%)  剩余 0
2026-09-18T00:03:14+00:00 INFO    [run=4726dfb488c44f399ac078e02fe6ffdf phase=fetch event=sources.subscribe.finished] 订阅源: ✅ 有效地址数量：3，⛔ 停用地址数量：0
2026-09-18T00:03:14+00:00 INFO    [run=4726dfb488c44f399ac078e02fe6ffdf phase=fetch event=progress.finished] 正在进行获取订阅源  3/3  未匹配 1211
2026-09-18T00:03:32+00:00 INFO    [run=4726dfb488c44f399ac078e02fe6ffdf phase=aggregate event=channels.aggregated] 频道数据聚合完成：94 个频道，284 个接口（IPv4 284 / IPv6 0）
2026-09-18T00:03:32+00:00 INFO    [run=4726dfb488c44f399ac078e02fe6ffdf phase=speed_test event=speed_test.planned] 总接口数量: 263, 需要进行测速的接口数量: 263
2026-09-18T00:03:32+00:00 INFO    [run=4726dfb488c44f399ac078e02fe6ffdf phase=speed_test event=progress.started] 测速  0/263
2026-09-18T00:03:33+00:00 INFO    [run=4726dfb488c44f399ac078e02fe6ffdf phase=speed_test event=progress.updated] 测速  1/263 (0%)  有效 1  失败 0  CCTV-1
2026-09-18T00:03:38+00:00 INFO    [run=4726dfb488c44f399ac078e02fe6ffdf phase=speed_test event=progress.updated] 测速  27/263 (10%)  有效 22  失败 5  CCTV-5+
2026-09-18T00:03:45+00:00 INFO    [run=4726dfb488c44f399ac078e02fe6ffdf phase=speed_test event=progress.updated] 测速  53/263 (20%)  有效 40  失败 13  CCTV-9
2026-09-18T00:03:52+00:00 INFO    [run=4726dfb488c44f399ac078e02fe6ffdf phase=speed_test event=progress.updated] 测速  79/263 (30%)  有效 59  失败 20  CCTV-14
2026-09-18T00:03:58+00:00 INFO    [run=4726dfb488c44f399ac078e02fe6ffdf phase=speed_test event=progress.updated] 测速  106/263 (40%)  有效 85  失败 21  湖南卫视
2026-09-18T00:04:05+00:00 INFO    [run=4726dfb488c44f399ac078e02fe6ffdf phase=speed_test event=progress.updated] 测速  132/263 (50%)  有效 99  失败 33  东南卫视
2026-09-18T00:04:14+00:00 INFO    [run=4726dfb488c44f399ac078e02fe6ffdf phase=speed_test event=progress.updated] 测速  158/263 (60%)  有效 113  失败 45  河北卫视
2026-09-18T00:04:19+00:00 INFO    [run=4726dfb488c44f399ac078e02fe6ffdf phase=speed_test event=progress.updated] 测速  185/263 (70%)  有效 133  失败 52  内蒙古卫视
2026-09-18T00:04:26+00:00 INFO    [run=4726dfb488c44f399ac078e02fe6ffdf phase=speed_test event=progress.updated] 测速  211/263 (80%)  有效 152  失败 59  深圳卫视
2026-09-18T00:04:34+00:00 INFO    [run=4726dfb488c44f399ac078e02fe6ffdf phase=speed_test event=progress.updated] 测速  237/263 (90%)  有效 170  失败 67  云南卫视
2026-09-18T00:04:46+00:00 INFO    [run=4726dfb488c44f399ac078e02fe6ffdf phase=speed_test event=progress.updated] 测速  263/263 (100%)  有效 179  失败 84  浙江数码时代
2026-09-18T00:04:46+00:00 INFO    [run=4726dfb488c44f399ac078e02fe6ffdf phase=speed_test event=speed_test.artifacts_written] 测速明细已写入 output/log/speed_test.log，有效结果已写入 output/log/result.log
2026-09-18T00:04:46+00:00 INFO    [run=4726dfb488c44f399ac078e02fe6ffdf phase=speed_test event=progress.finished] 测速  263/263  有效 179  失败 84
2026-09-18T00:04:46+00:00 INFO    [run=4726dfb488c44f399ac078e02fe6ffdf phase=output event=output.written] 结果文件生成完成：更新 3 个文件
2026-09-18T00:04:46+00:00 INFO    [run=4726dfb488c44f399ac078e02fe6ffdf phase=statistics event=statistics.finished] 频道统计完成：测试 263，有效 179
2026-09-18T00:04:46+00:00 INFO    [run=4726dfb488c44f399ac078e02fe6ffdf phase=complete event=run.summary] 更新摘要
2026-09-18T00:04:46+00:00 INFO    [run=4726dfb488c44f399ac078e02fe6ffdf phase=complete event=run.finished] 更新完成！总耗时：01:33
2026-09-19T00:07:45+00:00 INFO    [event=application.started] IPTV-API 版本: 3.0.0 (构建时间: 2026-08-07 11:45:59)
2026-09-19T00:07:45+00:00 INFO    [phase=prepare event=network.ipv6.checking] 🛜 正在检查当前网络是否支持IPv6...
2026-09-19T00:07:45+00:00 WARNING [phase=prepare event=network.ipv6.unsupported] 当前网络不支持IPv6，别担心，IPv6的结果会被保存下来
2026-09-19T00:07:45+00:00 INFO    [run=85bbe51178ce4439bb5448bd137cf8dc phase=prepare event=run.started] 性能模式: auto → balance，可用资源: 4.0 CPU / 15.61 GB，并发: 测速 8、媒体探测 2、源抓取 8
2026-09-19T00:07:45+00:00 INFO    [run=85bbe51178ce4439bb5448bd137cf8dc phase=prepare event=channels.catalog_loaded] 频道目录已加载：白名单 0，黑名单 2，台标 21
2026-09-19T00:07:45+00:00 INFO    [run=85bbe51178ce4439bb5448bd137cf8dc phase=fetch event=sources.subscribe.summary] 订阅源数量：3，订阅白名单数量：0，停用地址数量：0，有效总数量：3
2026-09-19T00:07:45+00:00 INFO    [run=85bbe51178ce4439bb5448bd137cf8dc phase=fetch event=progress.started] 正在进行获取订阅源  0/3
2026-09-19T00:07:45+00:00 INFO    [run=85bbe51178ce4439bb5448bd137cf8dc phase=fetch event=sources.epg.summary] EPG源数量：1，EPG白名单数量：0，停用地址数量：0，有效总数量：1
2026-09-19T00:07:45+00:00 INFO    [run=85bbe51178ce4439bb5448bd137cf8dc phase=fetch event=progress.started] 正在进行获取EPG源  0/1
2026-09-19T00:07:46+00:00 INFO    [run=85bbe51178ce4439bb5448bd137cf8dc phase=fetch event=epg.source_parsed] EPG 源解析完成：http://e.erw.cc/e.xml.gz，保留节目 3155 条
2026-09-19T00:07:46+00:00 INFO    [run=85bbe51178ce4439bb5448bd137cf8dc phase=fetch event=progress.updated] 正在进行获取EPG源  1/1 (100%)  剩余 0
2026-09-19T00:07:46+00:00 INFO    [run=85bbe51178ce4439bb5448bd137cf8dc phase=fetch event=sources.epg.finished] EPG源: ✅ 有效地址数量：1，⛔ 停用地址数量：0
2026-09-19T00:07:46+00:00 INFO    [run=85bbe51178ce4439bb5448bd137cf8dc phase=fetch event=progress.finished] 正在进行获取EPG源  1/1  匹配 83 个频道
2026-09-19T00:07:46+00:00 INFO    [run=85bbe51178ce4439bb5448bd137cf8dc phase=fetch event=progress.updated] 正在进行获取订阅源  1/3 (33%)  剩余 2
2026-09-19T00:07:46+00:00 INFO    [run=85bbe51178ce4439bb5448bd137cf8dc phase=fetch event=progress.updated] 正在进行获取订阅源  2/3 (66%)  剩余 1
2026-09-19T00:07:47+00:00 INFO    [run=85bbe51178ce4439bb5448bd137cf8dc phase=fetch event=progress.updated] 正在进行获取订阅源  3/3 (100%)  剩余 0
2026-09-19T00:07:47+00:00 INFO    [run=85bbe51178ce4439bb5448bd137cf8dc phase=fetch event=sources.subscribe.finished] 订阅源: ✅ 有效地址数量：3，⛔ 停用地址数量：0
2026-09-19T00:07:47+00:00 INFO    [run=85bbe51178ce4439bb5448bd137cf8dc phase=fetch event=progress.finished] 正在进行获取订阅源  3/3  未匹配 1211
2026-09-19T00:08:05+00:00 INFO    [run=85bbe51178ce4439bb5448bd137cf8dc phase=aggregate event=channels.aggregated] 频道数据聚合完成：94 个频道，284 个接口（IPv4 284 / IPv6 0）
2026-09-19T00:08:05+00:00 INFO    [run=85bbe51178ce4439bb5448bd137cf8dc phase=speed_test event=speed_test.planned] 总接口数量: 263, 需要进行测速的接口数量: 263
2026-09-19T00:08:05+00:00 INFO    [run=85bbe51178ce4439bb5448bd137cf8dc phase=speed_test event=progress.started] 测速  0/263
2026-09-19T00:08:05+00:00 INFO    [run=85bbe51178ce4439bb5448bd137cf8dc phase=speed_test event=progress.updated] 测速  1/263 (0%)  有效 1  失败 0  CCTV-1
2026-09-19T00:08:15+00:00 INFO    [run=85bbe51178ce4439bb5448bd137cf8dc phase=speed_test event=progress.updated] 测速  27/263 (10%)  有效 21  失败 6  CCTV-6
2026-09-19T00:08:22+00:00 INFO    [run=85bbe51178ce4439bb5448bd137cf8dc phase=speed_test event=progress.updated] 测速  53/263 (20%)  有效 35  失败 18  CCTV-9
2026-09-19T00:08:30+00:00 INFO    [run=85bbe51178ce4439bb5448bd137cf8dc phase=speed_test event=progress.updated] 测速  79/263 (30%)  有效 53  失败 26  CCTV-16
2026-09-19T00:08:37+00:00 INFO    [run=85bbe51178ce4439bb5448bd137cf8dc phase=speed_test event=progress.updated] 测速  106/263 (40%)  有效 74  失败 32  湖南卫视
2026-09-19T00:08:48+00:00 INFO    [run=85bbe51178ce4439bb5448bd137cf8dc phase=speed_test event=progress.updated] 测速  132/263 (50%)  有效 83  失败 49  东方卫视
2026-09-19T00:08:59+00:00 INFO    [run=85bbe51178ce4439bb5448bd137cf8dc phase=speed_test event=progress.updated] 测速  158/263 (60%)  有效 93  失败 65  河北卫视
2026-09-19T00:09:06+00:00 INFO    [run=85bbe51178ce4439bb5448bd137cf8dc phase=speed_test event=progress.updated] 测速  185/263 (70%)  有效 113  失败 72  宁夏卫视
2026-09-19T00:09:13+00:00 INFO    [run=85bbe51178ce4439bb5448bd137cf8dc phase=speed_test event=progress.updated] 测速  211/263 (80%)  有效 131  失败 80  深圳卫视
2026-09-19T00:09:21+00:00 INFO    [run=85bbe51178ce4439bb5448bd137cf8dc phase=speed_test event=progress.updated] 测速  237/263 (90%)  有效 153  失败 84  广东珠江
2026-09-19T00:09:32+00:00 INFO    [run=85bbe51178ce4439bb5448bd137cf8dc phase=speed_test event=progress.updated] 测速  263/263 (100%)  有效 161  失败 102  浙江经济生活
2026-09-19T00:09:32+00:00 INFO    [run=85bbe51178ce4439bb5448bd137cf8dc phase=speed_test event=speed_test.artifacts_written] 测速明细已写入 output/log/speed_test.log，有效结果已写入 output/log/result.log
2026-09-19T00:09:32+00:00 INFO    [run=85bbe51178ce4439bb5448bd137cf8dc phase=speed_test event=progress.finished] 测速  263/263  有效 161  失败 102
2026-09-19T00:09:32+00:00 INFO    [run=85bbe51178ce4439bb5448bd137cf8dc phase=output event=output.written] 结果文件生成完成：更新 3 个文件
2026-09-19T00:09:32+00:00 INFO    [run=85bbe51178ce4439bb5448bd137cf8dc phase=statistics event=statistics.finished] 频道统计完成：测试 263，有效 161
2026-09-19T00:09:32+00:00 INFO    [run=85bbe51178ce4439bb5448bd137cf8dc phase=complete event=run.summary] 更新摘要
2026-09-19T00:09:32+00:00 INFO    [run=85bbe51178ce4439bb5448bd137cf8dc phase=complete event=run.finished] 更新完成！总耗时：01:46
2026-09-20T00:03:01+00:00 INFO    [event=application.started] IPTV-API 版本: 3.0.0 (构建时间: 2026-08-07 11:45:59)
2026-09-20T00:03:01+00:00 INFO    [phase=prepare event=network.ipv6.checking] 🛜 正在检查当前网络是否支持IPv6...
2026-09-20T00:03:01+00:00 WARNING [phase=prepare event=network.ipv6.unsupported] 当前网络不支持IPv6，别担心，IPv6的结果会被保存下来
2026-09-20T00:03:01+00:00 INFO    [run=cc6cdcee98654f1d9a779e028519fd54 phase=prepare event=run.started] 性能模式: auto → balance，可用资源: 4.0 CPU / 15.61 GB，并发: 测速 8、媒体探测 2、源抓取 8
2026-09-20T00:03:01+00:00 INFO    [run=cc6cdcee98654f1d9a779e028519fd54 phase=prepare event=channels.catalog_loaded] 频道目录已加载：白名单 0，黑名单 2，台标 21
2026-09-20T00:03:01+00:00 INFO    [run=cc6cdcee98654f1d9a779e028519fd54 phase=fetch event=sources.subscribe.summary] 订阅源数量：3，订阅白名单数量：0，停用地址数量：0，有效总数量：3
2026-09-20T00:03:01+00:00 INFO    [run=cc6cdcee98654f1d9a779e028519fd54 phase=fetch event=progress.started] 正在进行获取订阅源  0/3
2026-09-20T00:03:01+00:00 INFO    [run=cc6cdcee98654f1d9a779e028519fd54 phase=fetch event=sources.epg.summary] EPG源数量：1，EPG白名单数量：0，停用地址数量：0，有效总数量：1
2026-09-20T00:03:01+00:00 INFO    [run=cc6cdcee98654f1d9a779e028519fd54 phase=fetch event=progress.started] 正在进行获取EPG源  0/1
2026-09-20T00:03:02+00:00 INFO    [run=cc6cdcee98654f1d9a779e028519fd54 phase=fetch event=epg.source_parsed] EPG 源解析完成：http://e.erw.cc/e.xml.gz，保留节目 3161 条
2026-09-20T00:03:02+00:00 INFO    [run=cc6cdcee98654f1d9a779e028519fd54 phase=fetch event=progress.updated] 正在进行获取EPG源  1/1 (100%)  剩余 0
2026-09-20T00:03:02+00:00 INFO    [run=cc6cdcee98654f1d9a779e028519fd54 phase=fetch event=sources.epg.finished] EPG源: ✅ 有效地址数量：1，⛔ 停用地址数量：0
2026-09-20T00:03:02+00:00 INFO    [run=cc6cdcee98654f1d9a779e028519fd54 phase=fetch event=progress.finished] 正在进行获取EPG源  1/1  匹配 83 个频道
2026-09-20T00:03:02+00:00 INFO    [run=cc6cdcee98654f1d9a779e028519fd54 phase=fetch event=progress.updated] 正在进行获取订阅源  1/3 (33%)  剩余 2
2026-09-20T00:03:02+00:00 INFO    [run=cc6cdcee98654f1d9a779e028519fd54 phase=fetch event=progress.updated] 正在进行获取订阅源  2/3 (66%)  剩余 1
2026-09-20T00:03:02+00:00 INFO    [run=cc6cdcee98654f1d9a779e028519fd54 phase=fetch event=progress.updated] 正在进行获取订阅源  3/3 (100%)  剩余 0
2026-09-20T00:03:02+00:00 INFO    [run=cc6cdcee98654f1d9a779e028519fd54 phase=fetch event=sources.subscribe.finished] 订阅源: ✅ 有效地址数量：3，⛔ 停用地址数量：0
2026-09-20T00:03:02+00:00 INFO    [run=cc6cdcee98654f1d9a779e028519fd54 phase=fetch event=progress.finished] 正在进行获取订阅源  3/3  未匹配 1211
2026-09-20T00:03:20+00:00 INFO    [run=cc6cdcee98654f1d9a779e028519fd54 phase=aggregate event=channels.aggregated] 频道数据聚合完成：94 个频道，284 个接口（IPv4 284 / IPv6 0）
2026-09-20T00:03:20+00:00 INFO    [run=cc6cdcee98654f1d9a779e028519fd54 phase=speed_test event=speed_test.planned] 总接口数量: 263, 需要进行测速的接口数量: 263
2026-09-20T00:03:20+00:00 INFO    [run=cc6cdcee98654f1d9a779e028519fd54 phase=speed_test event=progress.started] 测速  0/263
2026-09-20T00:03:21+00:00 INFO    [run=cc6cdcee98654f1d9a779e028519fd54 phase=speed_test event=progress.updated] 测速  1/263 (0%)  有效 1  失败 0  CCTV-2
2026-09-20T00:03:29+00:00 INFO    [run=cc6cdcee98654f1d9a779e028519fd54 phase=speed_test event=progress.updated] 测速  27/263 (10%)  有效 18  失败 9  CCTV-6
2026-09-20T00:03:36+00:00 INFO    [run=cc6cdcee98654f1d9a779e028519fd54 phase=speed_test event=progress.updated] 测速  53/263 (20%)  有效 34  失败 19  CCTV-11
2026-09-20T00:03:40+00:00 INFO    [run=cc6cdcee98654f1d9a779e028519fd54 phase=speed_test event=progress.updated] 测速  79/263 (30%)  有效 59  失败 20  CCTV-15
2026-09-20T00:03:47+00:00 INFO    [run=cc6cdcee98654f1d9a779e028519fd54 phase=speed_test event=progress.updated] 测速  106/263 (40%)  有效 84  失败 22  北京卫视
2026-09-20T00:03:55+00:00 INFO    [run=cc6cdcee98654f1d9a779e028519fd54 phase=speed_test event=progress.updated] 测速  132/263 (50%)  有效 100  失败 32  东方卫视
2026-09-20T00:04:03+00:00 INFO    [run=cc6cdcee98654f1d9a779e028519fd54 phase=speed_test event=progress.updated] 测速  158/263 (60%)  有效 121  失败 37  河南卫视
2026-09-20T00:04:07+00:00 INFO    [run=cc6cdcee98654f1d9a779e028519fd54 phase=speed_test event=progress.updated] 测速  185/263 (70%)  有效 144  失败 41  内蒙古卫视
2026-09-20T00:04:12+00:00 INFO    [run=cc6cdcee98654f1d9a779e028519fd54 phase=speed_test event=progress.updated] 测速  211/263 (80%)  有效 166  失败 45  陕西卫视
2026-09-20T00:04:18+00:00 INFO    [run=cc6cdcee98654f1d9a779e028519fd54 phase=speed_test event=progress.updated] 测速  237/263 (90%)  有效 186  失败 51  云南卫视
2026-09-20T00:04:30+00:00 INFO    [run=cc6cdcee98654f1d9a779e028519fd54 phase=speed_test event=progress.updated] 测速  263/263 (100%)  有效 198  失败 65  浙江数码时代
2026-09-20T00:04:30+00:00 INFO    [run=cc6cdcee98654f1d9a779e028519fd54 phase=speed_test event=speed_test.artifacts_written] 测速明细已写入 output/log/speed_test.log，有效结果已写入 output/log/result.log
2026-09-20T00:04:30+00:00 INFO    [run=cc6cdcee98654f1d9a779e028519fd54 phase=speed_test event=progress.finished] 测速  263/263  有效 198  失败 65
2026-09-20T00:04:30+00:00 INFO    [run=cc6cdcee98654f1d9a779e028519fd54 phase=output event=output.written] 结果文件生成完成：更新 3 个文件
2026-09-20T00:04:30+00:00 INFO    [run=cc6cdcee98654f1d9a779e028519fd54 phase=statistics event=statistics.finished] 频道统计完成：测试 263，有效 198
2026-09-20T00:04:30+00:00 INFO    [run=cc6cdcee98654f1d9a779e028519fd54 phase=complete event=run.summary] 更新摘要
2026-09-20T00:04:30+00:00 INFO    [run=cc6cdcee98654f1d9a779e028519fd54 phase=complete event=run.finished] 更新完成！总耗时：01:28
2026-09-21T00:06:20+00:00 INFO    [event=application.started] IPTV-API 版本: 3.0.0 (构建时间: 2026-08-07 11:45:59)
2026-09-21T00:06:20+00:00 INFO    [phase=prepare event=network.ipv6.checking] 🛜 正在检查当前网络是否支持IPv6...
2026-09-21T00:06:21+00:00 WARNING [phase=prepare event=network.ipv6.unsupported] 当前网络不支持IPv6，别担心，IPv6的结果会被保存下来
2026-09-21T00:06:21+00:00 INFO    [run=e3fbb4928f4941eaaf4999acd53ef3a8 phase=prepare event=run.started] 性能模式: auto → balance，可用资源: 4.0 CPU / 15.61 GB，并发: 测速 8、媒体探测 2、源抓取 8
2026-09-21T00:06:21+00:00 INFO    [run=e3fbb4928f4941eaaf4999acd53ef3a8 phase=prepare event=channels.catalog_loaded] 频道目录已加载：白名单 0，黑名单 2，台标 21
2026-09-21T00:06:21+00:00 INFO    [run=e3fbb4928f4941eaaf4999acd53ef3a8 phase=fetch event=sources.subscribe.summary] 订阅源数量：3，订阅白名单数量：0，停用地址数量：0，有效总数量：3
2026-09-21T00:06:21+00:00 INFO    [run=e3fbb4928f4941eaaf4999acd53ef3a8 phase=fetch event=progress.started] 正在进行获取订阅源  0/3
2026-09-21T00:06:21+00:00 INFO    [run=e3fbb4928f4941eaaf4999acd53ef3a8 phase=fetch event=sources.epg.summary] EPG源数量：1，EPG白名单数量：0，停用地址数量：0，有效总数量：1
2026-09-21T00:06:21+00:00 INFO    [run=e3fbb4928f4941eaaf4999acd53ef3a8 phase=fetch event=progress.started] 正在进行获取EPG源  0/1
2026-09-21T00:06:22+00:00 INFO    [run=e3fbb4928f4941eaaf4999acd53ef3a8 phase=fetch event=epg.source_parsed] EPG 源解析完成：http://e.erw.cc/e.xml.gz，保留节目 3117 条
2026-09-21T00:06:22+00:00 INFO    [run=e3fbb4928f4941eaaf4999acd53ef3a8 phase=fetch event=progress.updated] 正在进行获取EPG源  1/1 (100%)  剩余 0
2026-09-21T00:06:22+00:00 INFO    [run=e3fbb4928f4941eaaf4999acd53ef3a8 phase=fetch event=sources.epg.finished] EPG源: ✅ 有效地址数量：1，⛔ 停用地址数量：0
2026-09-21T00:06:22+00:00 INFO    [run=e3fbb4928f4941eaaf4999acd53ef3a8 phase=fetch event=progress.finished] 正在进行获取EPG源  1/1  匹配 83 个频道
2026-09-21T00:06:22+00:00 INFO    [run=e3fbb4928f4941eaaf4999acd53ef3a8 phase=fetch event=progress.updated] 正在进行获取订阅源  1/3 (33%)  剩余 2
2026-09-21T00:06:22+00:00 INFO    [run=e3fbb4928f4941eaaf4999acd53ef3a8 phase=fetch event=progress.updated] 正在进行获取订阅源  2/3 (66%)  剩余 1
2026-09-21T00:06:22+00:00 INFO    [run=e3fbb4928f4941eaaf4999acd53ef3a8 phase=fetch event=progress.updated] 正在进行获取订阅源  3/3 (100%)  剩余 0
2026-09-21T00:06:22+00:00 INFO    [run=e3fbb4928f4941eaaf4999acd53ef3a8 phase=fetch event=sources.subscribe.finished] 订阅源: ✅ 有效地址数量：3，⛔ 停用地址数量：0
2026-09-21T00:06:22+00:00 INFO    [run=e3fbb4928f4941eaaf4999acd53ef3a8 phase=fetch event=progress.finished] 正在进行获取订阅源  3/3  未匹配 1211
2026-09-21T00:06:39+00:00 INFO    [run=e3fbb4928f4941eaaf4999acd53ef3a8 phase=aggregate event=channels.aggregated] 频道数据聚合完成：94 个频道，284 个接口（IPv4 284 / IPv6 0）
2026-09-21T00:06:39+00:00 INFO    [run=e3fbb4928f4941eaaf4999acd53ef3a8 phase=speed_test event=speed_test.planned] 总接口数量: 263, 需要进行测速的接口数量: 263
2026-09-21T00:06:39+00:00 INFO    [run=e3fbb4928f4941eaaf4999acd53ef3a8 phase=speed_test event=progress.started] 测速  0/263
2026-09-21T00:06:40+00:00 INFO    [run=e3fbb4928f4941eaaf4999acd53ef3a8 phase=speed_test event=progress.updated] 测速  1/263 (0%)  有效 1  失败 0  CCTV-1
2026-09-21T00:06:49+00:00 INFO    [run=e3fbb4928f4941eaaf4999acd53ef3a8 phase=speed_test event=progress.updated] 测速  27/263 (10%)  有效 22  失败 5  CCTV-5
2026-09-21T00:06:57+00:00 INFO    [run=e3fbb4928f4941eaaf4999acd53ef3a8 phase=speed_test event=progress.updated] 测速  53/263 (20%)  有效 41  失败 12  CCTV-10
2026-09-21T00:07:03+00:00 INFO    [run=e3fbb4928f4941eaaf4999acd53ef3a8 phase=speed_test event=progress.updated] 测速  79/263 (30%)  有效 64  失败 15  CCTV-15
2026-09-21T00:07:10+00:00 INFO    [run=e3fbb4928f4941eaaf4999acd53ef3a8 phase=speed_test event=progress.updated] 测速  106/263 (40%)  有效 89  失败 17  湖南卫视
2026-09-21T00:07:17+00:00 INFO    [run=e3fbb4928f4941eaaf4999acd53ef3a8 phase=speed_test event=progress.updated] 测速  132/263 (50%)  有效 110  失败 22  东方卫视
2026-09-21T00:07:24+00:00 INFO    [run=e3fbb4928f4941eaaf4999acd53ef3a8 phase=speed_test event=progress.updated] 测速  158/263 (60%)  有效 132  失败 26  河南卫视
2026-09-21T00:07:31+00:00 INFO    [run=e3fbb4928f4941eaaf4999acd53ef3a8 phase=speed_test event=progress.updated] 测速  185/263 (70%)  有效 154  失败 31  宁夏卫视
2026-09-21T00:07:37+00:00 INFO    [run=e3fbb4928f4941eaaf4999acd53ef3a8 phase=speed_test event=progress.updated] 测速  211/263 (80%)  有效 179  失败 32  四川卫视
2026-09-21T00:07:44+00:00 INFO    [run=e3fbb4928f4941eaaf4999acd53ef3a8 phase=speed_test event=progress.updated] 测速  237/263 (90%)  有效 201  失败 36  云南卫视
2026-09-21T00:07:54+00:00 INFO    [run=e3fbb4928f4941eaaf4999acd53ef3a8 phase=speed_test event=progress.updated] 测速  263/263 (100%)  有效 217  失败 46  浙江经济生活
2026-09-21T00:07:54+00:00 INFO    [run=e3fbb4928f4941eaaf4999acd53ef3a8 phase=speed_test event=speed_test.artifacts_written] 测速明细已写入 output/log/speed_test.log，有效结果已写入 output/log/result.log
2026-09-21T00:07:54+00:00 INFO    [run=e3fbb4928f4941eaaf4999acd53ef3a8 phase=speed_test event=progress.finished] 测速  263/263  有效 217  失败 46
2026-09-21T00:07:54+00:00 INFO    [run=e3fbb4928f4941eaaf4999acd53ef3a8 phase=output event=output.written] 结果文件生成完成：更新 3 个文件
2026-09-21T00:07:54+00:00 INFO    [run=e3fbb4928f4941eaaf4999acd53ef3a8 phase=statistics event=statistics.finished] 频道统计完成：测试 263，有效 217
2026-09-21T00:07:54+00:00 INFO    [run=e3fbb4928f4941eaaf4999acd53ef3a8 phase=complete event=run.summary] 更新摘要
2026-09-21T00:07:54+00:00 INFO    [run=e3fbb4928f4941eaaf4999acd53ef3a8 phase=complete event=run.finished] 更新完成！总耗时：01:33
2026-09-22T00:42:48+00:00 INFO    [event=application.started] IPTV-API 版本: 3.0.0 (构建时间: 2026-08-07 11:45:59)
2026-09-22T00:42:49+00:00 INFO    [phase=prepare event=network.ipv6.checking] 🛜 正在检查当前网络是否支持IPv6...
2026-09-22T00:42:49+00:00 WARNING [phase=prepare event=network.ipv6.unsupported] 当前网络不支持IPv6，别担心，IPv6的结果会被保存下来
2026-09-22T00:42:49+00:00 INFO    [run=59dce566ef8e4e2d96ea51a4a3894eca phase=prepare event=run.started] 性能模式: auto → balance，可用资源: 4.0 CPU / 15.61 GB，并发: 测速 8、媒体探测 2、源抓取 8
2026-09-22T00:42:49+00:00 INFO    [run=59dce566ef8e4e2d96ea51a4a3894eca phase=prepare event=channels.catalog_loaded] 频道目录已加载：白名单 0，黑名单 2，台标 21
2026-09-22T00:42:49+00:00 INFO    [run=59dce566ef8e4e2d96ea51a4a3894eca phase=fetch event=sources.subscribe.summary] 订阅源数量：3，订阅白名单数量：0，停用地址数量：0，有效总数量：3
2026-09-22T00:42:49+00:00 INFO    [run=59dce566ef8e4e2d96ea51a4a3894eca phase=fetch event=progress.started] 正在进行获取订阅源  0/3
2026-09-22T00:42:49+00:00 INFO    [run=59dce566ef8e4e2d96ea51a4a3894eca phase=fetch event=sources.epg.summary] EPG源数量：1，EPG白名单数量：0，停用地址数量：0，有效总数量：1
2026-09-22T00:42:49+00:00 INFO    [run=59dce566ef8e4e2d96ea51a4a3894eca phase=fetch event=progress.started] 正在进行获取EPG源  0/1
2026-09-22T00:42:50+00:00 INFO    [run=59dce566ef8e4e2d96ea51a4a3894eca phase=fetch event=epg.source_parsed] EPG 源解析完成：http://e.erw.cc/e.xml.gz，保留节目 3173 条
2026-09-22T00:42:50+00:00 INFO    [run=59dce566ef8e4e2d96ea51a4a3894eca phase=fetch event=progress.updated] 正在进行获取EPG源  1/1 (100%)  剩余 0
2026-09-22T00:42:50+00:00 INFO    [run=59dce566ef8e4e2d96ea51a4a3894eca phase=fetch event=sources.epg.finished] EPG源: ✅ 有效地址数量：1，⛔ 停用地址数量：0
2026-09-22T00:42:50+00:00 INFO    [run=59dce566ef8e4e2d96ea51a4a3894eca phase=fetch event=progress.finished] 正在进行获取EPG源  1/1  匹配 83 个频道
2026-09-22T00:42:50+00:00 INFO    [run=59dce566ef8e4e2d96ea51a4a3894eca phase=fetch event=progress.updated] 正在进行获取订阅源  1/3 (33%)  剩余 2
2026-09-22T00:42:50+00:00 INFO    [run=59dce566ef8e4e2d96ea51a4a3894eca phase=fetch event=progress.updated] 正在进行获取订阅源  2/3 (66%)  剩余 1
2026-09-22T00:42:50+00:00 INFO    [run=59dce566ef8e4e2d96ea51a4a3894eca phase=fetch event=progress.updated] 正在进行获取订阅源  3/3 (100%)  剩余 0
2026-09-22T00:42:50+00:00 INFO    [run=59dce566ef8e4e2d96ea51a4a3894eca phase=fetch event=sources.subscribe.finished] 订阅源: ✅ 有效地址数量：3，⛔ 停用地址数量：0
2026-09-22T00:42:50+00:00 INFO    [run=59dce566ef8e4e2d96ea51a4a3894eca phase=fetch event=progress.finished] 正在进行获取订阅源  3/3  未匹配 1211
2026-09-22T00:43:24+00:00 INFO    [run=59dce566ef8e4e2d96ea51a4a3894eca phase=aggregate event=channels.aggregated] 频道数据聚合完成：94 个频道，284 个接口（IPv4 284 / IPv6 0）
2026-09-22T00:43:24+00:00 INFO    [run=59dce566ef8e4e2d96ea51a4a3894eca phase=speed_test event=speed_test.planned] 总接口数量: 263, 需要进行测速的接口数量: 263
2026-09-22T00:43:24+00:00 INFO    [run=59dce566ef8e4e2d96ea51a4a3894eca phase=speed_test event=progress.started] 测速  0/263
2026-09-22T00:43:25+00:00 INFO    [run=59dce566ef8e4e2d96ea51a4a3894eca phase=speed_test event=progress.updated] 测速  1/263 (0%)  有效 1  失败 0  CCTV-1
2026-09-22T00:43:34+00:00 INFO    [run=59dce566ef8e4e2d96ea51a4a3894eca phase=speed_test event=progress.updated] 测速  27/263 (10%)  有效 13  失败 14  CCTV-5+
2026-09-22T00:43:43+00:00 INFO    [run=59dce566ef8e4e2d96ea51a4a3894eca phase=speed_test event=progress.updated] 测速  53/263 (20%)  有效 32  失败 21  CCTV-10
2026-09-22T00:43:52+00:00 INFO    [run=59dce566ef8e4e2d96ea51a4a3894eca phase=speed_test event=progress.updated] 测速  79/263 (30%)  有效 48  失败 31  CCTV-14
2026-09-22T00:44:02+00:00 INFO    [run=59dce566ef8e4e2d96ea51a4a3894eca phase=speed_test event=progress.updated] 测速  106/263 (40%)  有效 69  失败 37  湖南卫视
2026-09-22T00:44:11+00:00 INFO    [run=59dce566ef8e4e2d96ea51a4a3894eca phase=speed_test event=progress.updated] 测速  132/263 (50%)  有效 85  失败 47  东方卫视
2026-09-22T00:44:21+00:00 INFO    [run=59dce566ef8e4e2d96ea51a4a3894eca phase=speed_test event=progress.updated] 测速  158/263 (60%)  有效 101  失败 57  河南卫视
2026-09-22T00:44:27+00:00 INFO    [run=59dce566ef8e4e2d96ea51a4a3894eca phase=speed_test event=progress.updated] 测速  185/263 (70%)  有效 122  失败 63  宁夏卫视
2026-09-22T00:44:37+00:00 INFO    [run=59dce566ef8e4e2d96ea51a4a3894eca phase=speed_test event=progress.updated] 测速  211/263 (80%)  有效 143  失败 68  山东卫视
2026-09-22T00:44:48+00:00 INFO    [run=59dce566ef8e4e2d96ea51a4a3894eca phase=speed_test event=progress.updated] 测速  237/263 (90%)  有效 159  失败 78  西藏卫视
2026-09-22T00:45:09+00:00 INFO    [run=59dce566ef8e4e2d96ea51a4a3894eca phase=speed_test event=progress.updated] 测速  263/263 (100%)  有效 169  失败 94  浙江数码时代
2026-09-22T00:45:09+00:00 INFO    [run=59dce566ef8e4e2d96ea51a4a3894eca phase=speed_test event=speed_test.artifacts_written] 测速明细已写入 output/log/speed_test.log，有效结果已写入 output/log/result.log
2026-09-22T00:45:09+00:00 INFO    [run=59dce566ef8e4e2d96ea51a4a3894eca phase=speed_test event=progress.finished] 测速  263/263  有效 169  失败 94
2026-09-22T00:45:09+00:00 INFO    [run=59dce566ef8e4e2d96ea51a4a3894eca phase=output event=output.written] 结果文件生成完成：更新 3 个文件
2026-09-22T00:45:09+00:00 INFO    [run=59dce566ef8e4e2d96ea51a4a3894eca phase=statistics event=statistics.finished] 频道统计完成：测试 263，有效 169
2026-09-22T00:45:09+00:00 INFO    [run=59dce566ef8e4e2d96ea51a4a3894eca phase=complete event=run.summary] 更新摘要
2026-09-22T00:45:09+00:00 INFO    [run=59dce566ef8e4e2d96ea51a4a3894eca phase=complete event=run.finished] 更新完成！总耗时：02:20
2026-09-23T00:15:27+00:00 INFO    [event=application.started] IPTV-API 版本: 3.0.0 (构建时间: 2026-08-07 11:45:59)
2026-09-23T00:15:27+00:00 INFO    [phase=prepare event=network.ipv6.checking] 🛜 正在检查当前网络是否支持IPv6...
2026-09-23T00:15:27+00:00 WARNING [phase=prepare event=network.ipv6.unsupported] 当前网络不支持IPv6，别担心，IPv6的结果会被保存下来
2026-09-23T00:15:27+00:00 INFO    [run=f55108be381945b4af80c836f21986fe phase=prepare event=run.started] 性能模式: auto → balance，可用资源: 4.0 CPU / 15.61 GB，并发: 测速 8、媒体探测 2、源抓取 8
2026-09-23T00:15:27+00:00 INFO    [run=f55108be381945b4af80c836f21986fe phase=prepare event=channels.catalog_loaded] 频道目录已加载：白名单 0，黑名单 2，台标 21
2026-09-23T00:15:27+00:00 INFO    [run=f55108be381945b4af80c836f21986fe phase=fetch event=sources.subscribe.summary] 订阅源数量：3，订阅白名单数量：0，停用地址数量：0，有效总数量：3
2026-09-23T00:15:27+00:00 INFO    [run=f55108be381945b4af80c836f21986fe phase=fetch event=progress.started] 正在进行获取订阅源  0/3
2026-09-23T00:15:27+00:00 INFO    [run=f55108be381945b4af80c836f21986fe phase=fetch event=sources.epg.summary] EPG源数量：1，EPG白名单数量：0，停用地址数量：0，有效总数量：1
2026-09-23T00:15:27+00:00 INFO    [run=f55108be381945b4af80c836f21986fe phase=fetch event=progress.started] 正在进行获取EPG源  0/1
2026-09-23T00:15:28+00:00 INFO    [run=f55108be381945b4af80c836f21986fe phase=fetch event=epg.source_parsed] EPG 源解析完成：http://e.erw.cc/e.xml.gz，保留节目 3048 条
2026-09-23T00:15:28+00:00 INFO    [run=f55108be381945b4af80c836f21986fe phase=fetch event=progress.updated] 正在进行获取EPG源  1/1 (100%)  剩余 0
2026-09-23T00:15:28+00:00 INFO    [run=f55108be381945b4af80c836f21986fe phase=fetch event=sources.epg.finished] EPG源: ✅ 有效地址数量：1，⛔ 停用地址数量：0
2026-09-23T00:15:28+00:00 INFO    [run=f55108be381945b4af80c836f21986fe phase=fetch event=progress.finished] 正在进行获取EPG源  1/1  匹配 83 个频道
2026-09-23T00:15:29+00:00 INFO    [run=f55108be381945b4af80c836f21986fe phase=fetch event=progress.updated] 正在进行获取订阅源  1/3 (33%)  剩余 2
2026-09-23T00:15:29+00:00 INFO    [run=f55108be381945b4af80c836f21986fe phase=fetch event=progress.updated] 正在进行获取订阅源  2/3 (66%)  剩余 1
2026-09-23T00:15:29+00:00 INFO    [run=f55108be381945b4af80c836f21986fe phase=fetch event=progress.updated] 正在进行获取订阅源  3/3 (100%)  剩余 0
2026-09-23T00:15:29+00:00 INFO    [run=f55108be381945b4af80c836f21986fe phase=fetch event=sources.subscribe.finished] 订阅源: ✅ 有效地址数量：3，⛔ 停用地址数量：0
2026-09-23T00:15:29+00:00 INFO    [run=f55108be381945b4af80c836f21986fe phase=fetch event=progress.finished] 正在进行获取订阅源  3/3  未匹配 1211
2026-09-23T00:15:48+00:00 INFO    [run=f55108be381945b4af80c836f21986fe phase=aggregate event=channels.aggregated] 频道数据聚合完成：94 个频道，284 个接口（IPv4 284 / IPv6 0）
2026-09-23T00:15:48+00:00 INFO    [run=f55108be381945b4af80c836f21986fe phase=speed_test event=speed_test.planned] 总接口数量: 263, 需要进行测速的接口数量: 263
2026-09-23T00:15:48+00:00 INFO    [run=f55108be381945b4af80c836f21986fe phase=speed_test event=progress.started] 测速  0/263
2026-09-23T00:15:49+00:00 INFO    [run=f55108be381945b4af80c836f21986fe phase=speed_test event=progress.updated] 测速  1/263 (0%)  有效 1  失败 0  CCTV-2
2026-09-23T00:15:55+00:00 INFO    [run=f55108be381945b4af80c836f21986fe phase=speed_test event=progress.updated] 测速  27/263 (10%)  有效 25  失败 2  CCTV-6
2026-09-23T00:16:02+00:00 INFO    [run=f55108be381945b4af80c836f21986fe phase=speed_test event=progress.updated] 测速  53/263 (20%)  有效 46  失败 7  CCTV-9
2026-09-23T00:16:08+00:00 INFO    [run=f55108be381945b4af80c836f21986fe phase=speed_test event=progress.updated] 测速  79/263 (30%)  有效 68  失败 11  CCTV-16
2026-09-23T00:16:14+00:00 INFO    [run=f55108be381945b4af80c836f21986fe phase=speed_test event=progress.updated] 测速  106/263 (40%)  有效 94  失败 12  湖南卫视
2026-09-23T00:16:21+00:00 INFO    [run=f55108be381945b4af80c836f21986fe phase=speed_test event=progress.updated] 测速  132/263 (50%)  有效 111  失败 21  东方卫视
2026-09-23T00:16:28+00:00 INFO    [run=f55108be381945b4af80c836f21986fe phase=speed_test event=progress.updated] 测速  158/263 (60%)  有效 130  失败 28  河北卫视
2026-09-23T00:16:37+00:00 INFO    [run=f55108be381945b4af80c836f21986fe phase=speed_test event=progress.updated] 测速  185/263 (70%)  有效 147  失败 38  内蒙古卫视
2026-09-23T00:16:47+00:00 INFO    [run=f55108be381945b4af80c836f21986fe phase=speed_test event=progress.updated] 测速  211/263 (80%)  有效 165  失败 46  四川卫视
2026-09-23T00:16:58+00:00 INFO    [run=f55108be381945b4af80c836f21986fe phase=speed_test event=progress.updated] 测速  237/263 (90%)  有效 178  失败 59  新疆卫视
2026-09-23T00:17:11+00:00 INFO    [run=f55108be381945b4af80c836f21986fe phase=speed_test event=progress.updated] 测速  263/263 (100%)  有效 189  失败 74  浙江数码时代
2026-09-23T00:17:11+00:00 INFO    [run=f55108be381945b4af80c836f21986fe phase=speed_test event=speed_test.artifacts_written] 测速明细已写入 output/log/speed_test.log，有效结果已写入 output/log/result.log
2026-09-23T00:17:11+00:00 INFO    [run=f55108be381945b4af80c836f21986fe phase=speed_test event=progress.finished] 测速  263/263  有效 189  失败 74
2026-09-23T00:17:11+00:00 INFO    [run=f55108be381945b4af80c836f21986fe phase=output event=output.written] 结果文件生成完成：更新 3 个文件
2026-09-23T00:17:11+00:00 INFO    [run=f55108be381945b4af80c836f21986fe phase=statistics event=statistics.finished] 频道统计完成：测试 263，有效 189
2026-09-23T00:17:11+00:00 INFO    [run=f55108be381945b4af80c836f21986fe phase=complete event=run.summary] 更新摘要
2026-09-23T00:17:11+00:00 INFO    [run=f55108be381945b4af80c836f21986fe phase=complete event=run.finished] 更新完成！总耗时：01:43
2026-09-24T00:23:03+00:00 INFO    [event=application.started] IPTV-API 版本: 3.0.0 (构建时间: 2026-08-07 11:45:59)
2026-09-24T00:23:03+00:00 INFO    [phase=prepare event=network.ipv6.checking] 🛜 正在检查当前网络是否支持IPv6...
2026-09-24T00:23:03+00:00 WARNING [phase=prepare event=network.ipv6.unsupported] 当前网络不支持IPv6，别担心，IPv6的结果会被保存下来
2026-09-24T00:23:03+00:00 INFO    [run=c1f777e84b394a12831cfe6440122654 phase=prepare event=run.started] 性能模式: auto → balance，可用资源: 4.0 CPU / 15.61 GB，并发: 测速 8、媒体探测 2、源抓取 8
2026-09-24T00:23:03+00:00 INFO    [run=c1f777e84b394a12831cfe6440122654 phase=prepare event=channels.catalog_loaded] 频道目录已加载：白名单 0，黑名单 2，台标 21
2026-09-24T00:23:03+00:00 INFO    [run=c1f777e84b394a12831cfe6440122654 phase=fetch event=sources.subscribe.summary] 订阅源数量：3，订阅白名单数量：0，停用地址数量：0，有效总数量：3
2026-09-24T00:23:03+00:00 INFO    [run=c1f777e84b394a12831cfe6440122654 phase=fetch event=progress.started] 正在进行获取订阅源  0/3
2026-09-24T00:23:03+00:00 INFO    [run=c1f777e84b394a12831cfe6440122654 phase=fetch event=sources.epg.summary] EPG源数量：1，EPG白名单数量：0，停用地址数量：0，有效总数量：1
2026-09-24T00:23:03+00:00 INFO    [run=c1f777e84b394a12831cfe6440122654 phase=fetch event=progress.started] 正在进行获取EPG源  0/1
2026-09-24T00:23:04+00:00 INFO    [run=c1f777e84b394a12831cfe6440122654 phase=fetch event=epg.source_parsed] EPG 源解析完成：http://e.erw.cc/e.xml.gz，保留节目 3129 条
2026-09-24T00:23:04+00:00 INFO    [run=c1f777e84b394a12831cfe6440122654 phase=fetch event=progress.updated] 正在进行获取EPG源  1/1 (100%)  剩余 0
2026-09-24T00:23:04+00:00 INFO    [run=c1f777e84b394a12831cfe6440122654 phase=fetch event=sources.epg.finished] EPG源: ✅ 有效地址数量：1，⛔ 停用地址数量：0
2026-09-24T00:23:04+00:00 INFO    [run=c1f777e84b394a12831cfe6440122654 phase=fetch event=progress.finished] 正在进行获取EPG源  1/1  匹配 83 个频道
2026-09-24T00:23:04+00:00 INFO    [run=c1f777e84b394a12831cfe6440122654 phase=fetch event=progress.updated] 正在进行获取订阅源  1/3 (33%)  剩余 2
2026-09-24T00:23:04+00:00 INFO    [run=c1f777e84b394a12831cfe6440122654 phase=fetch event=progress.updated] 正在进行获取订阅源  2/3 (66%)  剩余 1
2026-09-24T00:23:04+00:00 INFO    [run=c1f777e84b394a12831cfe6440122654 phase=fetch event=progress.updated] 正在进行获取订阅源  3/3 (100%)  剩余 0
2026-09-24T00:23:04+00:00 INFO    [run=c1f777e84b394a12831cfe6440122654 phase=fetch event=sources.subscribe.finished] 订阅源: ✅ 有效地址数量：3，⛔ 停用地址数量：0
2026-09-24T00:23:04+00:00 INFO    [run=c1f777e84b394a12831cfe6440122654 phase=fetch event=progress.finished] 正在进行获取订阅源  3/3  未匹配 1211
2026-09-24T00:23:21+00:00 INFO    [run=c1f777e84b394a12831cfe6440122654 phase=aggregate event=channels.aggregated] 频道数据聚合完成：94 个频道，284 个接口（IPv4 284 / IPv6 0）
2026-09-24T00:23:21+00:00 INFO    [run=c1f777e84b394a12831cfe6440122654 phase=speed_test event=speed_test.planned] 总接口数量: 263, 需要进行测速的接口数量: 263
2026-09-24T00:23:21+00:00 INFO    [run=c1f777e84b394a12831cfe6440122654 phase=speed_test event=progress.started] 测速  0/263
2026-09-24T00:23:22+00:00 INFO    [run=c1f777e84b394a12831cfe6440122654 phase=speed_test event=progress.updated] 测速  1/263 (0%)  有效 1  失败 0  CCTV-2
2026-09-24T00:23:27+00:00 INFO    [run=c1f777e84b394a12831cfe6440122654 phase=speed_test event=progress.updated] 测速  27/263 (10%)  有效 25  失败 2  CCTV-5
2026-09-24T00:23:31+00:00 INFO    [run=c1f777e84b394a12831cfe6440122654 phase=speed_test event=progress.updated] 测速  53/263 (20%)  有效 48  失败 5  CCTV-11
2026-09-24T00:23:35+00:00 INFO    [run=c1f777e84b394a12831cfe6440122654 phase=speed_test event=progress.updated] 测速  79/263 (30%)  有效 72  失败 7  CCTV-15
2026-09-24T00:23:41+00:00 INFO    [run=c1f777e84b394a12831cfe6440122654 phase=speed_test event=progress.updated] 测速  106/263 (40%)  有效 92  失败 14  浙江卫视
2026-09-24T00:23:47+00:00 INFO    [run=c1f777e84b394a12831cfe6440122654 phase=speed_test event=progress.updated] 测速  132/263 (50%)  有效 110  失败 22  安徽卫视
2026-09-24T00:23:54+00:00 INFO    [run=c1f777e84b394a12831cfe6440122654 phase=speed_test event=progress.updated] 测速  158/263 (60%)  有效 132  失败 26  河南卫视
2026-09-24T00:23:59+00:00 INFO    [run=c1f777e84b394a12831cfe6440122654 phase=speed_test event=progress.updated] 测速  185/263 (70%)  有效 152  失败 33  宁夏卫视
2026-09-24T00:24:04+00:00 INFO    [run=c1f777e84b394a12831cfe6440122654 phase=speed_test event=progress.updated] 测速  211/263 (80%)  有效 176  失败 35  深圳卫视
2026-09-24T00:24:09+00:00 INFO    [run=c1f777e84b394a12831cfe6440122654 phase=speed_test event=progress.updated] 测速  237/263 (90%)  有效 199  失败 38  广东珠江
2026-09-24T00:24:19+00:00 INFO    [run=c1f777e84b394a12831cfe6440122654 phase=speed_test event=progress.updated] 测速  263/263 (100%)  有效 211  失败 52  浙江数码时代
2026-09-24T00:24:19+00:00 INFO    [run=c1f777e84b394a12831cfe6440122654 phase=speed_test event=speed_test.artifacts_written] 测速明细已写入 output/log/speed_test.log，有效结果已写入 output/log/result.log
2026-09-24T00:24:19+00:00 INFO    [run=c1f777e84b394a12831cfe6440122654 phase=speed_test event=progress.finished] 测速  263/263  有效 211  失败 52
2026-09-24T00:24:19+00:00 INFO    [run=c1f777e84b394a12831cfe6440122654 phase=output event=output.written] 结果文件生成完成：更新 3 个文件
2026-09-24T00:24:19+00:00 INFO    [run=c1f777e84b394a12831cfe6440122654 phase=statistics event=statistics.finished] 频道统计完成：测试 263，有效 211
2026-09-24T00:24:19+00:00 INFO    [run=c1f777e84b394a12831cfe6440122654 phase=complete event=run.summary] 更新摘要
2026-09-24T00:24:19+00:00 INFO    [run=c1f777e84b394a12831cfe6440122654 phase=complete event=run.finished] 更新完成！总耗时：01:15
2026-09-25T00:25:46+00:00 INFO    [event=application.started] IPTV-API 版本: 3.0.0 (构建时间: 2026-08-07 11:45:59)
2026-09-25T00:25:46+00:00 INFO    [phase=prepare event=network.ipv6.checking] 🛜 正在检查当前网络是否支持IPv6...
2026-09-25T00:25:46+00:00 WARNING [phase=prepare event=network.ipv6.unsupported] 当前网络不支持IPv6，别担心，IPv6的结果会被保存下来
2026-09-25T00:25:46+00:00 INFO    [run=61d59321de9e43b298842dbd6775017c phase=prepare event=run.started] 性能模式: auto → balance，可用资源: 4.0 CPU / 15.61 GB，并发: 测速 8、媒体探测 2、源抓取 8
2026-09-25T00:25:46+00:00 INFO    [run=61d59321de9e43b298842dbd6775017c phase=prepare event=channels.catalog_loaded] 频道目录已加载：白名单 0，黑名单 2，台标 21
2026-09-25T00:25:46+00:00 INFO    [run=61d59321de9e43b298842dbd6775017c phase=fetch event=sources.subscribe.summary] 订阅源数量：3，订阅白名单数量：0，停用地址数量：0，有效总数量：3
2026-09-25T00:25:46+00:00 INFO    [run=61d59321de9e43b298842dbd6775017c phase=fetch event=progress.started] 正在进行获取订阅源  0/3
2026-09-25T00:25:46+00:00 INFO    [run=61d59321de9e43b298842dbd6775017c phase=fetch event=sources.epg.summary] EPG源数量：1，EPG白名单数量：0，停用地址数量：0，有效总数量：1
2026-09-25T00:25:46+00:00 INFO    [run=61d59321de9e43b298842dbd6775017c phase=fetch event=progress.started] 正在进行获取EPG源  0/1
2026-09-25T00:25:47+00:00 INFO    [run=61d59321de9e43b298842dbd6775017c phase=fetch event=epg.source_parsed] EPG 源解析完成：http://e.erw.cc/e.xml.gz，保留节目 3033 条
2026-09-25T00:25:47+00:00 INFO    [run=61d59321de9e43b298842dbd6775017c phase=fetch event=progress.updated] 正在进行获取EPG源  1/1 (100%)  剩余 0
2026-09-25T00:25:47+00:00 INFO    [run=61d59321de9e43b298842dbd6775017c phase=fetch event=sources.epg.finished] EPG源: ✅ 有效地址数量：1，⛔ 停用地址数量：0
2026-09-25T00:25:47+00:00 INFO    [run=61d59321de9e43b298842dbd6775017c phase=fetch event=progress.finished] 正在进行获取EPG源  1/1  匹配 78 个频道
2026-09-25T00:25:48+00:00 INFO    [run=61d59321de9e43b298842dbd6775017c phase=fetch event=progress.updated] 正在进行获取订阅源  1/3 (33%)  剩余 2
2026-09-25T00:25:48+00:00 INFO    [run=61d59321de9e43b298842dbd6775017c phase=fetch event=progress.updated] 正在进行获取订阅源  2/3 (66%)  剩余 1
2026-09-25T00:25:48+00:00 INFO    [run=61d59321de9e43b298842dbd6775017c phase=fetch event=progress.updated] 正在进行获取订阅源  3/3 (100%)  剩余 0
2026-09-25T00:25:48+00:00 INFO    [run=61d59321de9e43b298842dbd6775017c phase=fetch event=sources.subscribe.finished] 订阅源: ✅ 有效地址数量：3，⛔ 停用地址数量：0
2026-09-25T00:25:48+00:00 INFO    [run=61d59321de9e43b298842dbd6775017c phase=fetch event=progress.finished] 正在进行获取订阅源  3/3  未匹配 1211
2026-09-25T00:26:09+00:00 INFO    [run=61d59321de9e43b298842dbd6775017c phase=aggregate event=channels.aggregated] 频道数据聚合完成：94 个频道，284 个接口（IPv4 284 / IPv6 0）
2026-09-25T00:26:09+00:00 INFO    [run=61d59321de9e43b298842dbd6775017c phase=speed_test event=speed_test.planned] 总接口数量: 263, 需要进行测速的接口数量: 263
2026-09-25T00:26:09+00:00 INFO    [run=61d59321de9e43b298842dbd6775017c phase=speed_test event=progress.started] 测速  0/263
2026-09-25T00:26:10+00:00 INFO    [run=61d59321de9e43b298842dbd6775017c phase=speed_test event=progress.updated] 测速  1/263 (0%)  有效 1  失败 0  CCTV-1
2026-09-25T00:26:16+00:00 INFO    [run=61d59321de9e43b298842dbd6775017c phase=speed_test event=progress.updated] 测速  27/263 (10%)  有效 25  失败 2  CCTV-6
2026-09-25T00:26:22+00:00 INFO    [run=61d59321de9e43b298842dbd6775017c phase=speed_test event=progress.updated] 测速  53/263 (20%)  有效 46  失败 7  CCTV-11
2026-09-25T00:26:27+00:00 INFO    [run=61d59321de9e43b298842dbd6775017c phase=speed_test event=progress.updated] 测速  79/263 (30%)  有效 67  失败 12  CCTV-15
2026-09-25T00:26:35+00:00 INFO    [run=61d59321de9e43b298842dbd6775017c phase=speed_test event=progress.updated] 测速  106/263 (40%)  有效 91  失败 15  湖南卫视
2026-09-25T00:26:43+00:00 INFO    [run=61d59321de9e43b298842dbd6775017c phase=speed_test event=progress.updated] 测速  132/263 (50%)  有效 106  失败 26  黑龙江卫视
2026-09-25T00:26:53+00:00 INFO    [run=61d59321de9e43b298842dbd6775017c phase=speed_test event=progress.updated] 测速  158/263 (60%)  有效 123  失败 35  河北卫视
2026-09-25T00:27:02+00:00 INFO    [run=61d59321de9e43b298842dbd6775017c phase=speed_test event=progress.updated] 测速  185/263 (70%)  有效 138  失败 47  宁夏卫视
2026-09-25T00:27:11+00:00 INFO    [run=61d59321de9e43b298842dbd6775017c phase=speed_test event=progress.updated] 测速  211/263 (80%)  有效 159  失败 52  深圳卫视
2026-09-25T00:27:20+00:00 INFO    [run=61d59321de9e43b298842dbd6775017c phase=speed_test event=progress.updated] 测速  237/263 (90%)  有效 176  失败 61  西藏卫视
2026-09-25T00:27:38+00:00 INFO    [run=61d59321de9e43b298842dbd6775017c phase=speed_test event=progress.updated] 测速  263/263 (100%)  有效 192  失败 71  浙江经济生活
2026-09-25T00:27:38+00:00 INFO    [run=61d59321de9e43b298842dbd6775017c phase=speed_test event=speed_test.artifacts_written] 测速明细已写入 output/log/speed_test.log，有效结果已写入 output/log/result.log
2026-09-25T00:27:38+00:00 INFO    [run=61d59321de9e43b298842dbd6775017c phase=speed_test event=progress.finished] 测速  263/263  有效 192  失败 71
2026-09-25T00:27:38+00:00 INFO    [run=61d59321de9e43b298842dbd6775017c phase=output event=output.written] 结果文件生成完成：更新 3 个文件
2026-09-25T00:27:38+00:00 INFO    [run=61d59321de9e43b298842dbd6775017c phase=statistics event=statistics.finished] 频道统计完成：测试 263，有效 192
2026-09-25T00:27:38+00:00 INFO    [run=61d59321de9e43b298842dbd6775017c phase=complete event=run.summary] 更新摘要
2026-09-25T00:27:38+00:00 INFO    [run=61d59321de9e43b298842dbd6775017c phase=complete event=run.finished] 更新完成！总耗时：01:51
2026-09-26T00:30:10+00:00 INFO    [event=application.started] IPTV-API 版本: 3.0.0 (构建时间: 2026-08-07 11:45:59)
2026-09-26T00:30:10+00:00 INFO    [phase=prepare event=network.ipv6.checking] 🛜 正在检查当前网络是否支持IPv6...
2026-09-26T00:30:11+00:00 WARNING [phase=prepare event=network.ipv6.unsupported] 当前网络不支持IPv6，别担心，IPv6的结果会被保存下来
2026-09-26T00:30:11+00:00 INFO    [run=950f3bd1803847949bc2671f9a52b02f phase=prepare event=run.started] 性能模式: auto → balance，可用资源: 4.0 CPU / 15.61 GB，并发: 测速 8、媒体探测 2、源抓取 8
2026-09-26T00:30:11+00:00 INFO    [run=950f3bd1803847949bc2671f9a52b02f phase=prepare event=channels.catalog_loaded] 频道目录已加载：白名单 0，黑名单 2，台标 21
2026-09-26T00:30:11+00:00 INFO    [run=950f3bd1803847949bc2671f9a52b02f phase=fetch event=sources.subscribe.summary] 订阅源数量：3，订阅白名单数量：0，停用地址数量：0，有效总数量：3
2026-09-26T00:30:11+00:00 INFO    [run=950f3bd1803847949bc2671f9a52b02f phase=fetch event=progress.started] 正在进行获取订阅源  0/3
2026-09-26T00:30:11+00:00 INFO    [run=950f3bd1803847949bc2671f9a52b02f phase=fetch event=sources.epg.summary] EPG源数量：1，EPG白名单数量：0，停用地址数量：0，有效总数量：1
2026-09-26T00:30:11+00:00 INFO    [run=950f3bd1803847949bc2671f9a52b02f phase=fetch event=progress.started] 正在进行获取EPG源  0/1
2026-09-26T00:30:12+00:00 INFO    [run=950f3bd1803847949bc2671f9a52b02f phase=fetch event=epg.source_parsed] EPG 源解析完成：http://e.erw.cc/e.xml.gz，保留节目 3137 条
2026-09-26T00:30:12+00:00 INFO    [run=950f3bd1803847949bc2671f9a52b02f phase=fetch event=progress.updated] 正在进行获取EPG源  1/1 (100%)  剩余 0
2026-09-26T00:30:12+00:00 INFO    [run=950f3bd1803847949bc2671f9a52b02f phase=fetch event=sources.epg.finished] EPG源: ✅ 有效地址数量：1，⛔ 停用地址数量：0
2026-09-26T00:30:12+00:00 INFO    [run=950f3bd1803847949bc2671f9a52b02f phase=fetch event=progress.finished] 正在进行获取EPG源  1/1  匹配 83 个频道
2026-09-26T00:30:12+00:00 INFO    [run=950f3bd1803847949bc2671f9a52b02f phase=fetch event=progress.updated] 正在进行获取订阅源  1/3 (33%)  剩余 2
2026-09-26T00:30:12+00:00 INFO    [run=950f3bd1803847949bc2671f9a52b02f phase=fetch event=progress.updated] 正在进行获取订阅源  2/3 (66%)  剩余 1
2026-09-26T00:30:12+00:00 INFO    [run=950f3bd1803847949bc2671f9a52b02f phase=fetch event=progress.updated] 正在进行获取订阅源  3/3 (100%)  剩余 0
2026-09-26T00:30:12+00:00 INFO    [run=950f3bd1803847949bc2671f9a52b02f phase=fetch event=sources.subscribe.finished] 订阅源: ✅ 有效地址数量：3，⛔ 停用地址数量：0
2026-09-26T00:30:12+00:00 INFO    [run=950f3bd1803847949bc2671f9a52b02f phase=fetch event=progress.finished] 正在进行获取订阅源  3/3  未匹配 1211
2026-09-26T00:30:28+00:00 INFO    [run=950f3bd1803847949bc2671f9a52b02f phase=aggregate event=channels.aggregated] 频道数据聚合完成：94 个频道，284 个接口（IPv4 284 / IPv6 0）
2026-09-26T00:30:28+00:00 INFO    [run=950f3bd1803847949bc2671f9a52b02f phase=speed_test event=speed_test.planned] 总接口数量: 263, 需要进行测速的接口数量: 263
2026-09-26T00:30:28+00:00 INFO    [run=950f3bd1803847949bc2671f9a52b02f phase=speed_test event=progress.started] 测速  0/263
2026-09-26T00:30:29+00:00 INFO    [run=950f3bd1803847949bc2671f9a52b02f phase=speed_test event=progress.updated] 测速  1/263 (0%)  有效 1  失败 0  CCTV-1
2026-09-26T00:30:36+00:00 INFO    [run=950f3bd1803847949bc2671f9a52b02f phase=speed_test event=progress.updated] 测速  27/263 (10%)  有效 24  失败 3  CCTV-6
2026-09-26T00:30:43+00:00 INFO    [run=950f3bd1803847949bc2671f9a52b02f phase=speed_test event=progress.updated] 测速  53/263 (20%)  有效 44  失败 9  CCTV-11
2026-09-26T00:30:50+00:00 INFO    [run=950f3bd1803847949bc2671f9a52b02f phase=speed_test event=progress.updated] 测速  79/263 (30%)  有效 63  失败 16  CCTV-13
2026-09-26T00:30:57+00:00 INFO    [run=950f3bd1803847949bc2671f9a52b02f phase=speed_test event=progress.updated] 测速  106/263 (40%)  有效 85  失败 21  浙江卫视
2026-09-26T00:31:03+00:00 INFO    [run=950f3bd1803847949bc2671f9a52b02f phase=speed_test event=progress.updated] 测速  132/263 (50%)  有效 103  失败 29  安徽卫视
2026-09-26T00:31:12+00:00 INFO    [run=950f3bd1803847949bc2671f9a52b02f phase=speed_test event=progress.updated] 测速  158/263 (60%)  有效 121  失败 37  河北卫视
2026-09-26T00:31:18+00:00 INFO    [run=950f3bd1803847949bc2671f9a52b02f phase=speed_test event=progress.updated] 测速  185/263 (70%)  有效 142  失败 43  宁夏卫视
2026-09-26T00:31:24+00:00 INFO    [run=950f3bd1803847949bc2671f9a52b02f phase=speed_test event=progress.updated] 测速  211/263 (80%)  有效 165  失败 46  四川卫视
2026-09-26T00:31:30+00:00 INFO    [run=950f3bd1803847949bc2671f9a52b02f phase=speed_test event=progress.updated] 测速  237/263 (90%)  有效 186  失败 51  云南卫视
2026-09-26T00:31:44+00:00 INFO    [run=950f3bd1803847949bc2671f9a52b02f phase=speed_test event=progress.updated] 测速  263/263 (100%)  有效 197  失败 66  浙江经济生活
2026-09-26T00:31:44+00:00 INFO    [run=950f3bd1803847949bc2671f9a52b02f phase=speed_test event=speed_test.artifacts_written] 测速明细已写入 output/log/speed_test.log，有效结果已写入 output/log/result.log
2026-09-26T00:31:44+00:00 INFO    [run=950f3bd1803847949bc2671f9a52b02f phase=speed_test event=progress.finished] 测速  263/263  有效 197  失败 66
2026-09-26T00:31:44+00:00 INFO    [run=950f3bd1803847949bc2671f9a52b02f phase=output event=output.written] 结果文件生成完成：更新 3 个文件
2026-09-26T00:31:44+00:00 INFO    [run=950f3bd1803847949bc2671f9a52b02f phase=statistics event=statistics.finished] 频道统计完成：测试 263，有效 197
2026-09-26T00:31:44+00:00 INFO    [run=950f3bd1803847949bc2671f9a52b02f phase=complete event=run.summary] 更新摘要
2026-09-26T00:31:44+00:00 INFO    [run=950f3bd1803847949bc2671f9a52b02f phase=complete event=run.finished] 更新完成！总耗时：01:33
2026-09-27T00:25:19+00:00 INFO    [event=application.started] IPTV-API 版本: 3.0.0 (构建时间: 2026-08-07 11:45:59)
2026-09-27T00:25:19+00:00 INFO    [phase=prepare event=network.ipv6.checking] 🛜 正在检查当前网络是否支持IPv6...
2026-09-27T00:25:19+00:00 WARNING [phase=prepare event=network.ipv6.unsupported] 当前网络不支持IPv6，别担心，IPv6的结果会被保存下来
2026-09-27T00:25:19+00:00 INFO    [run=624884a4c8e24f6dac91f4dc1e9e0fa4 phase=prepare event=run.started] 性能模式: auto → balance，可用资源: 4.0 CPU / 15.62 GB，并发: 测速 8、媒体探测 2、源抓取 8
2026-09-27T00:25:19+00:00 INFO    [run=624884a4c8e24f6dac91f4dc1e9e0fa4 phase=prepare event=channels.catalog_loaded] 频道目录已加载：白名单 0，黑名单 2，台标 21
2026-09-27T00:25:19+00:00 INFO    [run=624884a4c8e24f6dac91f4dc1e9e0fa4 phase=fetch event=sources.subscribe.summary] 订阅源数量：3，订阅白名单数量：0，停用地址数量：0，有效总数量：3
2026-09-27T00:25:19+00:00 INFO    [run=624884a4c8e24f6dac91f4dc1e9e0fa4 phase=fetch event=progress.started] 正在进行获取订阅源  0/3
2026-09-27T00:25:19+00:00 INFO    [run=624884a4c8e24f6dac91f4dc1e9e0fa4 phase=fetch event=sources.epg.summary] EPG源数量：1，EPG白名单数量：0，停用地址数量：0，有效总数量：1
2026-09-27T00:25:19+00:00 INFO    [run=624884a4c8e24f6dac91f4dc1e9e0fa4 phase=fetch event=progress.started] 正在进行获取EPG源  0/1
2026-09-27T00:25:19+00:00 WARNING [run=624884a4c8e24f6dac91f4dc1e9e0fa4 phase=fetch event=request.retrying] 🔄 请求http://e.erw.cc/e.xml.gz失败，正在进行第1次重试...
2026-09-27T00:25:20+00:00 ERROR   [run=624884a4c8e24f6dac91f4dc1e9e0fa4 phase=fetch event=source.parse_failed] http://e.erw.cc/e.xml.gz 出错：❌ 请求http://e.erw.cc/e.xml.gz失败，已达到最大重试次数
2026-09-27T00:25:20+00:00 INFO    [run=624884a4c8e24f6dac91f4dc1e9e0fa4 phase=fetch event=progress.updated] 正在进行获取EPG源  1/1 (100%)  剩余 0
2026-09-27T00:25:20+00:00 INFO    [run=624884a4c8e24f6dac91f4dc1e9e0fa4 phase=fetch event=sources.epg.finished] EPG源: ✅ 有效地址数量：1，⛔ 停用地址数量：0
2026-09-27T00:25:20+00:00 INFO    [run=624884a4c8e24f6dac91f4dc1e9e0fa4 phase=fetch event=progress.finished] 正在进行获取EPG源  1/1  匹配 0 个频道
2026-09-27T00:25:20+00:00 INFO    [run=624884a4c8e24f6dac91f4dc1e9e0fa4 phase=fetch event=progress.updated] 正在进行获取订阅源  1/3 (33%)  剩余 2
2026-09-27T00:25:20+00:00 INFO    [run=624884a4c8e24f6dac91f4dc1e9e0fa4 phase=fetch event=progress.updated] 正在进行获取订阅源  2/3 (66%)  剩余 1
2026-09-27T00:25:20+00:00 INFO    [run=624884a4c8e24f6dac91f4dc1e9e0fa4 phase=fetch event=progress.updated] 正在进行获取订阅源  3/3 (100%)  剩余 0
2026-09-27T00:25:20+00:00 INFO    [run=624884a4c8e24f6dac91f4dc1e9e0fa4 phase=fetch event=sources.subscribe.finished] 订阅源: ✅ 有效地址数量：3，⛔ 停用地址数量：0
2026-09-27T00:25:20+00:00 INFO    [run=624884a4c8e24f6dac91f4dc1e9e0fa4 phase=fetch event=progress.finished] 正在进行获取订阅源  3/3  未匹配 1211
2026-09-27T00:25:41+00:00 INFO    [run=624884a4c8e24f6dac91f4dc1e9e0fa4 phase=aggregate event=channels.aggregated] 频道数据聚合完成：94 个频道，284 个接口（IPv4 284 / IPv6 0）
2026-09-27T00:25:41+00:00 INFO    [run=624884a4c8e24f6dac91f4dc1e9e0fa4 phase=speed_test event=speed_test.planned] 总接口数量: 263, 需要进行测速的接口数量: 263
2026-09-27T00:25:41+00:00 INFO    [run=624884a4c8e24f6dac91f4dc1e9e0fa4 phase=speed_test event=progress.started] 测速  0/263
2026-09-27T00:25:41+00:00 INFO    [run=624884a4c8e24f6dac91f4dc1e9e0fa4 phase=speed_test event=progress.updated] 测速  1/263 (0%)  有效 1  失败 0  CCTV-2
2026-09-27T00:25:49+00:00 INFO    [run=624884a4c8e24f6dac91f4dc1e9e0fa4 phase=speed_test event=progress.updated] 测速  27/263 (10%)  有效 18  失败 9  CCTV-6
2026-09-27T00:25:56+00:00 INFO    [run=624884a4c8e24f6dac91f4dc1e9e0fa4 phase=speed_test event=progress.updated] 测速  53/263 (20%)  有效 35  失败 18  CCTV-9
2026-09-27T00:26:03+00:00 INFO    [run=624884a4c8e24f6dac91f4dc1e9e0fa4 phase=speed_test event=progress.updated] 测速  79/263 (30%)  有效 51  失败 28  CCTV-15
2026-09-27T00:26:12+00:00 INFO    [run=624884a4c8e24f6dac91f4dc1e9e0fa4 phase=speed_test event=progress.updated] 测速  106/263 (40%)  有效 72  失败 34  浙江卫视
2026-09-27T00:26:18+00:00 INFO    [run=624884a4c8e24f6dac91f4dc1e9e0fa4 phase=speed_test event=progress.updated] 测速  132/263 (50%)  有效 88  失败 44  东方卫视
2026-09-27T00:26:26+00:00 INFO    [run=624884a4c8e24f6dac91f4dc1e9e0fa4 phase=speed_test event=progress.updated] 测速  158/263 (60%)  有效 109  失败 49  河南卫视
2026-09-27T00:26:30+00:00 INFO    [run=624884a4c8e24f6dac91f4dc1e9e0fa4 phase=speed_test event=progress.updated] 测速  185/263 (70%)  有效 131  失败 54  内蒙古卫视
2026-09-27T00:26:37+00:00 INFO    [run=624884a4c8e24f6dac91f4dc1e9e0fa4 phase=speed_test event=progress.updated] 测速  211/263 (80%)  有效 151  失败 60  四川卫视
2026-09-27T00:26:43+00:00 INFO    [run=624884a4c8e24f6dac91f4dc1e9e0fa4 phase=speed_test event=progress.updated] 测速  237/263 (90%)  有效 174  失败 63  新疆卫视
2026-09-27T00:27:00+00:00 INFO    [run=624884a4c8e24f6dac91f4dc1e9e0fa4 phase=speed_test event=progress.updated] 测速  263/263 (100%)  有效 185  失败 78  浙江国际
2026-09-27T00:27:00+00:00 INFO    [run=624884a4c8e24f6dac91f4dc1e9e0fa4 phase=speed_test event=speed_test.artifacts_written] 测速明细已写入 output/log/speed_test.log，有效结果已写入 output/log/result.log
2026-09-27T00:27:00+00:00 INFO    [run=624884a4c8e24f6dac91f4dc1e9e0fa4 phase=speed_test event=progress.finished] 测速  263/263  有效 185  失败 78
2026-09-27T00:27:00+00:00 INFO    [run=624884a4c8e24f6dac91f4dc1e9e0fa4 phase=output event=output.written] 结果文件生成完成：更新 3 个文件
2026-09-27T00:27:00+00:00 INFO    [run=624884a4c8e24f6dac91f4dc1e9e0fa4 phase=statistics event=statistics.finished] 频道统计完成：测试 263，有效 185
2026-09-27T00:27:00+00:00 INFO    [run=624884a4c8e24f6dac91f4dc1e9e0fa4 phase=complete event=run.summary] 更新摘要
2026-09-27T00:27:00+00:00 INFO    [run=624884a4c8e24f6dac91f4dc1e9e0fa4 phase=complete event=run.finished] 更新完成！总耗时：01:40
2026-09-28T00:30:16+00:00 INFO    [event=application.started] IPTV-API 版本: 3.0.0 (构建时间: 2026-08-07 11:45:59)
2026-09-28T00:30:16+00:00 INFO    [phase=prepare event=network.ipv6.checking] 🛜 正在检查当前网络是否支持IPv6...
2026-09-28T00:30:17+00:00 WARNING [phase=prepare event=network.ipv6.unsupported] 当前网络不支持IPv6，别担心，IPv6的结果会被保存下来
2026-09-28T00:30:17+00:00 INFO    [run=042376d2de214a17b4fe42e4c4d4e604 phase=prepare event=run.started] 性能模式: auto → balance，可用资源: 4.0 CPU / 15.61 GB，并发: 测速 8、媒体探测 2、源抓取 8
2026-09-28T00:30:17+00:00 INFO    [run=042376d2de214a17b4fe42e4c4d4e604 phase=prepare event=channels.catalog_loaded] 频道目录已加载：白名单 0，黑名单 2，台标 21
2026-09-28T00:30:17+00:00 INFO    [run=042376d2de214a17b4fe42e4c4d4e604 phase=fetch event=sources.subscribe.summary] 订阅源数量：3，订阅白名单数量：0，停用地址数量：0，有效总数量：3
2026-09-28T00:30:17+00:00 INFO    [run=042376d2de214a17b4fe42e4c4d4e604 phase=fetch event=progress.started] 正在进行获取订阅源  0/3
2026-09-28T00:30:17+00:00 INFO    [run=042376d2de214a17b4fe42e4c4d4e604 phase=fetch event=sources.epg.summary] EPG源数量：1，EPG白名单数量：0，停用地址数量：0，有效总数量：1
2026-09-28T00:30:17+00:00 INFO    [run=042376d2de214a17b4fe42e4c4d4e604 phase=fetch event=progress.started] 正在进行获取EPG源  0/1
2026-09-28T00:30:17+00:00 WARNING [run=042376d2de214a17b4fe42e4c4d4e604 phase=fetch event=request.retrying] 🔄 请求http://e.erw.cc/e.xml.gz失败，正在进行第1次重试...
2026-09-28T00:30:17+00:00 ERROR   [run=042376d2de214a17b4fe42e4c4d4e604 phase=fetch event=source.parse_failed] http://e.erw.cc/e.xml.gz 出错：❌ 请求http://e.erw.cc/e.xml.gz失败，已达到最大重试次数
2026-09-28T00:30:17+00:00 INFO    [run=042376d2de214a17b4fe42e4c4d4e604 phase=fetch event=progress.updated] 正在进行获取EPG源  1/1 (100%)  剩余 0
2026-09-28T00:30:17+00:00 INFO    [run=042376d2de214a17b4fe42e4c4d4e604 phase=fetch event=sources.epg.finished] EPG源: ✅ 有效地址数量：1，⛔ 停用地址数量：0
2026-09-28T00:30:17+00:00 INFO    [run=042376d2de214a17b4fe42e4c4d4e604 phase=fetch event=progress.finished] 正在进行获取EPG源  1/1  匹配 0 个频道
2026-09-28T00:30:18+00:00 INFO    [run=042376d2de214a17b4fe42e4c4d4e604 phase=fetch event=progress.updated] 正在进行获取订阅源  1/3 (33%)  剩余 2
2026-09-28T00:30:18+00:00 INFO    [run=042376d2de214a17b4fe42e4c4d4e604 phase=fetch event=progress.updated] 正在进行获取订阅源  2/3 (66%)  剩余 1
2026-09-28T00:30:18+00:00 INFO    [run=042376d2de214a17b4fe42e4c4d4e604 phase=fetch event=progress.updated] 正在进行获取订阅源  3/3 (100%)  剩余 0
2026-09-28T00:30:18+00:00 INFO    [run=042376d2de214a17b4fe42e4c4d4e604 phase=fetch event=sources.subscribe.finished] 订阅源: ✅ 有效地址数量：3，⛔ 停用地址数量：0
2026-09-28T00:30:18+00:00 INFO    [run=042376d2de214a17b4fe42e4c4d4e604 phase=fetch event=progress.finished] 正在进行获取订阅源  3/3  未匹配 1211
2026-09-28T00:30:35+00:00 INFO    [run=042376d2de214a17b4fe42e4c4d4e604 phase=aggregate event=channels.aggregated] 频道数据聚合完成：94 个频道，284 个接口（IPv4 284 / IPv6 0）
2026-09-28T00:30:35+00:00 INFO    [run=042376d2de214a17b4fe42e4c4d4e604 phase=speed_test event=speed_test.planned] 总接口数量: 263, 需要进行测速的接口数量: 263
2026-09-28T00:30:35+00:00 INFO    [run=042376d2de214a17b4fe42e4c4d4e604 phase=speed_test event=progress.started] 测速  0/263
2026-09-28T00:30:36+00:00 INFO    [run=042376d2de214a17b4fe42e4c4d4e604 phase=speed_test event=progress.updated] 测速  1/263 (0%)  有效 1  失败 0  CCTV-1
2026-09-28T00:30:42+00:00 INFO    [run=042376d2de214a17b4fe42e4c4d4e604 phase=speed_test event=progress.updated] 测速  27/263 (10%)  有效 20  失败 7  CCTV-5
2026-09-28T00:30:48+00:00 INFO    [run=042376d2de214a17b4fe42e4c4d4e604 phase=speed_test event=progress.updated] 测速  53/263 (20%)  有效 40  失败 13  CCTV-11
2026-09-28T00:30:53+00:00 INFO    [run=042376d2de214a17b4fe42e4c4d4e604 phase=speed_test event=progress.updated] 测速  79/263 (30%)  有效 58  失败 21  CCTV-16
2026-09-28T00:30:59+00:00 INFO    [run=042376d2de214a17b4fe42e4c4d4e604 phase=speed_test event=progress.updated] 测速  106/263 (40%)  有效 79  失败 27  湖南卫视
2026-09-28T00:31:06+00:00 INFO    [run=042376d2de214a17b4fe42e4c4d4e604 phase=speed_test event=progress.updated] 测速  132/263 (50%)  有效 98  失败 34  东方卫视
2026-09-28T00:31:13+00:00 INFO    [run=042376d2de214a17b4fe42e4c4d4e604 phase=speed_test event=progress.updated] 测速  158/263 (60%)  有效 115  失败 43  河北卫视
2026-09-28T00:31:18+00:00 INFO    [run=042376d2de214a17b4fe42e4c4d4e604 phase=speed_test event=progress.updated] 测速  185/263 (70%)  有效 137  失败 48  宁夏卫视
2026-09-28T00:31:26+00:00 INFO    [run=042376d2de214a17b4fe42e4c4d4e604 phase=speed_test event=progress.updated] 测速  211/263 (80%)  有效 162  失败 49  青海卫视
2026-09-28T00:31:32+00:00 INFO    [run=042376d2de214a17b4fe42e4c4d4e604 phase=speed_test event=progress.updated] 测速  237/263 (90%)  有效 186  失败 51  广东珠江
2026-09-28T00:31:48+00:00 INFO    [run=042376d2de214a17b4fe42e4c4d4e604 phase=speed_test event=progress.updated] 测速  263/263 (100%)  有效 198  失败 65  浙江经济生活
2026-09-28T00:31:48+00:00 INFO    [run=042376d2de214a17b4fe42e4c4d4e604 phase=speed_test event=speed_test.artifacts_written] 测速明细已写入 output/log/speed_test.log，有效结果已写入 output/log/result.log
2026-09-28T00:31:48+00:00 INFO    [run=042376d2de214a17b4fe42e4c4d4e604 phase=speed_test event=progress.finished] 测速  263/263  有效 198  失败 65
2026-09-28T00:31:48+00:00 INFO    [run=042376d2de214a17b4fe42e4c4d4e604 phase=output event=output.written] 结果文件生成完成：更新 3 个文件
2026-09-28T00:31:48+00:00 INFO    [run=042376d2de214a17b4fe42e4c4d4e604 phase=statistics event=statistics.finished] 频道统计完成：测试 263，有效 198
2026-09-28T00:31:48+00:00 INFO    [run=042376d2de214a17b4fe42e4c4d4e604 phase=complete event=run.summary] 更新摘要
2026-09-28T00:31:48+00:00 INFO    [run=042376d2de214a17b4fe42e4c4d4e604 phase=complete event=run.finished] 更新完成！总耗时：01:31
2026-09-29T01:45:19+00:00 INFO    [event=application.started] IPTV-API 版本: 3.0.0 (构建时间: 2026-08-07 11:45:59)
2026-09-29T01:45:20+00:00 INFO    [phase=prepare event=network.ipv6.checking] 🛜 正在检查当前网络是否支持IPv6...
2026-09-29T01:45:20+00:00 WARNING [phase=prepare event=network.ipv6.unsupported] 当前网络不支持IPv6，别担心，IPv6的结果会被保存下来
2026-09-29T01:45:20+00:00 INFO    [run=01d689de9c9444fa91d8bb6832d79db3 phase=prepare event=run.started] 性能模式: auto → balance，可用资源: 4.0 CPU / 15.61 GB，并发: 测速 8、媒体探测 2、源抓取 8
2026-09-29T01:45:20+00:00 INFO    [run=01d689de9c9444fa91d8bb6832d79db3 phase=prepare event=channels.catalog_loaded] 频道目录已加载：白名单 0，黑名单 2，台标 21
2026-09-29T01:45:20+00:00 INFO    [run=01d689de9c9444fa91d8bb6832d79db3 phase=fetch event=sources.subscribe.summary] 订阅源数量：3，订阅白名单数量：0，停用地址数量：0，有效总数量：3
2026-09-29T01:45:20+00:00 INFO    [run=01d689de9c9444fa91d8bb6832d79db3 phase=fetch event=progress.started] 正在进行获取订阅源  0/3
2026-09-29T01:45:20+00:00 INFO    [run=01d689de9c9444fa91d8bb6832d79db3 phase=fetch event=sources.epg.summary] EPG源数量：1，EPG白名单数量：0，停用地址数量：0，有效总数量：1
2026-09-29T01:45:20+00:00 INFO    [run=01d689de9c9444fa91d8bb6832d79db3 phase=fetch event=progress.started] 正在进行获取EPG源  0/1
2026-09-29T01:45:20+00:00 WARNING [run=01d689de9c9444fa91d8bb6832d79db3 phase=fetch event=request.retrying] 🔄 请求http://e.erw.cc/e.xml.gz失败，正在进行第1次重试...
2026-09-29T01:45:20+00:00 ERROR   [run=01d689de9c9444fa91d8bb6832d79db3 phase=fetch event=source.parse_failed] http://e.erw.cc/e.xml.gz 出错：❌ 请求http://e.erw.cc/e.xml.gz失败，已达到最大重试次数
2026-09-29T01:45:20+00:00 INFO    [run=01d689de9c9444fa91d8bb6832d79db3 phase=fetch event=progress.updated] 正在进行获取EPG源  1/1 (100%)  剩余 0
2026-09-29T01:45:20+00:00 INFO    [run=01d689de9c9444fa91d8bb6832d79db3 phase=fetch event=sources.epg.finished] EPG源: ✅ 有效地址数量：1，⛔ 停用地址数量：0
2026-09-29T01:45:20+00:00 INFO    [run=01d689de9c9444fa91d8bb6832d79db3 phase=fetch event=progress.finished] 正在进行获取EPG源  1/1  匹配 0 个频道
2026-09-29T01:45:21+00:00 INFO    [run=01d689de9c9444fa91d8bb6832d79db3 phase=fetch event=progress.updated] 正在进行获取订阅源  1/3 (33%)  剩余 2
2026-09-29T01:45:21+00:00 INFO    [run=01d689de9c9444fa91d8bb6832d79db3 phase=fetch event=progress.updated] 正在进行获取订阅源  2/3 (66%)  剩余 1
2026-09-29T01:45:21+00:00 INFO    [run=01d689de9c9444fa91d8bb6832d79db3 phase=fetch event=progress.updated] 正在进行获取订阅源  3/3 (100%)  剩余 0
2026-09-29T01:45:21+00:00 INFO    [run=01d689de9c9444fa91d8bb6832d79db3 phase=fetch event=sources.subscribe.finished] 订阅源: ✅ 有效地址数量：3，⛔ 停用地址数量：0
2026-09-29T01:45:21+00:00 INFO    [run=01d689de9c9444fa91d8bb6832d79db3 phase=fetch event=progress.finished] 正在进行获取订阅源  3/3  未匹配 1211
2026-09-29T01:45:38+00:00 INFO    [run=01d689de9c9444fa91d8bb6832d79db3 phase=aggregate event=channels.aggregated] 频道数据聚合完成：94 个频道，284 个接口（IPv4 284 / IPv6 0）
2026-09-29T01:45:38+00:00 INFO    [run=01d689de9c9444fa91d8bb6832d79db3 phase=speed_test event=speed_test.planned] 总接口数量: 263, 需要进行测速的接口数量: 263
2026-09-29T01:45:38+00:00 INFO    [run=01d689de9c9444fa91d8bb6832d79db3 phase=speed_test event=progress.started] 测速  0/263
2026-09-29T01:45:40+00:00 INFO    [run=01d689de9c9444fa91d8bb6832d79db3 phase=speed_test event=progress.updated] 测速  1/263 (0%)  有效 1  失败 0  CCTV-1
2026-09-29T01:45:45+00:00 INFO    [run=01d689de9c9444fa91d8bb6832d79db3 phase=speed_test event=progress.updated] 测速  27/263 (10%)  有效 22  失败 5  CCTV-5+
2026-09-29T01:45:55+00:00 INFO    [run=01d689de9c9444fa91d8bb6832d79db3 phase=speed_test event=progress.updated] 测速  53/263 (20%)  有效 34  失败 19  CCTV-9
2026-09-29T01:46:02+00:00 INFO    [run=01d689de9c9444fa91d8bb6832d79db3 phase=speed_test event=progress.updated] 测速  79/263 (30%)  有效 51  失败 28  CCTV-15
2026-09-29T01:46:11+00:00 INFO    [run=01d689de9c9444fa91d8bb6832d79db3 phase=speed_test event=progress.updated] 测速  106/263 (40%)  有效 68  失败 38  湖南卫视
2026-09-29T01:46:20+00:00 INFO    [run=01d689de9c9444fa91d8bb6832d79db3 phase=speed_test event=progress.updated] 测速  132/263 (50%)  有效 81  失败 51  东方卫视
2026-09-29T01:46:27+00:00 INFO    [run=01d689de9c9444fa91d8bb6832d79db3 phase=speed_test event=progress.updated] 测速  158/263 (60%)  有效 99  失败 59  河南卫视
2026-09-29T01:46:32+00:00 INFO    [run=01d689de9c9444fa91d8bb6832d79db3 phase=speed_test event=progress.updated] 测速  185/263 (70%)  有效 122  失败 63  内蒙古卫视
2026-09-29T01:46:40+00:00 INFO    [run=01d689de9c9444fa91d8bb6832d79db3 phase=speed_test event=progress.updated] 测速  211/263 (80%)  有效 141  失败 70  四川卫视
2026-09-29T01:46:49+00:00 INFO    [run=01d689de9c9444fa91d8bb6832d79db3 phase=speed_test event=progress.updated] 测速  237/263 (90%)  有效 155  失败 82  新疆卫视
2026-09-29T01:47:03+00:00 INFO    [run=01d689de9c9444fa91d8bb6832d79db3 phase=speed_test event=progress.updated] 测速  263/263 (100%)  有效 167  失败 96  浙江国际
2026-09-29T01:47:03+00:00 INFO    [run=01d689de9c9444fa91d8bb6832d79db3 phase=speed_test event=speed_test.artifacts_written] 测速明细已写入 output/log/speed_test.log，有效结果已写入 output/log/result.log
2026-09-29T01:47:03+00:00 INFO    [run=01d689de9c9444fa91d8bb6832d79db3 phase=speed_test event=progress.finished] 测速  263/263  有效 167  失败 96
2026-09-29T01:47:03+00:00 INFO    [run=01d689de9c9444fa91d8bb6832d79db3 phase=output event=output.written] 结果文件生成完成：更新 3 个文件
2026-09-29T01:47:03+00:00 INFO    [run=01d689de9c9444fa91d8bb6832d79db3 phase=statistics event=statistics.finished] 频道统计完成：测试 263，有效 167
2026-09-29T01:47:03+00:00 INFO    [run=01d689de9c9444fa91d8bb6832d79db3 phase=complete event=run.summary] 更新摘要
2026-09-29T01:47:03+00:00 INFO    [run=01d689de9c9444fa91d8bb6832d79db3 phase=complete event=run.finished] 更新完成！总耗时：01:43
2026-09-30T01:13:07+00:00 INFO    [event=application.started] IPTV-API 版本: 3.0.0 (构建时间: 2026-08-07 11:45:59)
2026-09-30T01:13:08+00:00 INFO    [phase=prepare event=network.ipv6.checking] 🛜 正在检查当前网络是否支持IPv6...
2026-09-30T01:13:08+00:00 WARNING [phase=prepare event=network.ipv6.unsupported] 当前网络不支持IPv6，别担心，IPv6的结果会被保存下来
2026-09-30T01:13:08+00:00 INFO    [run=5f503ce062c64c3bb78775bcf0922016 phase=prepare event=run.started] 性能模式: auto → balance，可用资源: 4.0 CPU / 15.61 GB，并发: 测速 8、媒体探测 2、源抓取 8
2026-09-30T01:13:08+00:00 INFO    [run=5f503ce062c64c3bb78775bcf0922016 phase=prepare event=channels.catalog_loaded] 频道目录已加载：白名单 0，黑名单 2，台标 21
2026-09-30T01:13:08+00:00 INFO    [run=5f503ce062c64c3bb78775bcf0922016 phase=fetch event=sources.subscribe.summary] 订阅源数量：3，订阅白名单数量：0，停用地址数量：0，有效总数量：3
2026-09-30T01:13:08+00:00 INFO    [run=5f503ce062c64c3bb78775bcf0922016 phase=fetch event=progress.started] 正在进行获取订阅源  0/3
2026-09-30T01:13:08+00:00 INFO    [run=5f503ce062c64c3bb78775bcf0922016 phase=fetch event=sources.epg.summary] EPG源数量：1，EPG白名单数量：0，停用地址数量：0，有效总数量：1
2026-09-30T01:13:08+00:00 INFO    [run=5f503ce062c64c3bb78775bcf0922016 phase=fetch event=progress.started] 正在进行获取EPG源  0/1
2026-09-30T01:13:08+00:00 WARNING [run=5f503ce062c64c3bb78775bcf0922016 phase=fetch event=request.retrying] 🔄 请求http://e.erw.cc/e.xml.gz失败，正在进行第1次重试...
2026-09-30T01:13:08+00:00 ERROR   [run=5f503ce062c64c3bb78775bcf0922016 phase=fetch event=source.parse_failed] http://e.erw.cc/e.xml.gz 出错：❌ 请求http://e.erw.cc/e.xml.gz失败，已达到最大重试次数
2026-09-30T01:13:08+00:00 INFO    [run=5f503ce062c64c3bb78775bcf0922016 phase=fetch event=progress.updated] 正在进行获取EPG源  1/1 (100%)  剩余 0
2026-09-30T01:13:08+00:00 INFO    [run=5f503ce062c64c3bb78775bcf0922016 phase=fetch event=sources.epg.finished] EPG源: ✅ 有效地址数量：1，⛔ 停用地址数量：0
2026-09-30T01:13:08+00:00 INFO    [run=5f503ce062c64c3bb78775bcf0922016 phase=fetch event=progress.finished] 正在进行获取EPG源  1/1  匹配 0 个频道
2026-09-30T01:13:09+00:00 INFO    [run=5f503ce062c64c3bb78775bcf0922016 phase=fetch event=progress.updated] 正在进行获取订阅源  1/3 (33%)  剩余 2
2026-09-30T01:13:09+00:00 INFO    [run=5f503ce062c64c3bb78775bcf0922016 phase=fetch event=progress.updated] 正在进行获取订阅源  2/3 (66%)  剩余 1
2026-09-30T01:13:09+00:00 INFO    [run=5f503ce062c64c3bb78775bcf0922016 phase=fetch event=progress.updated] 正在进行获取订阅源  3/3 (100%)  剩余 0
2026-09-30T01:13:09+00:00 INFO    [run=5f503ce062c64c3bb78775bcf0922016 phase=fetch event=sources.subscribe.finished] 订阅源: ✅ 有效地址数量：3，⛔ 停用地址数量：0
2026-09-30T01:13:09+00:00 INFO    [run=5f503ce062c64c3bb78775bcf0922016 phase=fetch event=progress.finished] 正在进行获取订阅源  3/3  未匹配 1211
2026-09-30T01:13:25+00:00 INFO    [run=5f503ce062c64c3bb78775bcf0922016 phase=aggregate event=channels.aggregated] 频道数据聚合完成：94 个频道，284 个接口（IPv4 284 / IPv6 0）
2026-09-30T01:13:25+00:00 INFO    [run=5f503ce062c64c3bb78775bcf0922016 phase=speed_test event=speed_test.planned] 总接口数量: 263, 需要进行测速的接口数量: 263
2026-09-30T01:13:25+00:00 INFO    [run=5f503ce062c64c3bb78775bcf0922016 phase=speed_test event=progress.started] 测速  0/263
2026-09-30T01:13:26+00:00 INFO    [run=5f503ce062c64c3bb78775bcf0922016 phase=speed_test event=progress.updated] 测速  1/263 (0%)  有效 1  失败 0  CCTV-1
2026-09-30T01:13:35+00:00 INFO    [run=5f503ce062c64c3bb78775bcf0922016 phase=speed_test event=progress.updated] 测速  27/263 (10%)  有效 17  失败 10  CCTV-6
2026-09-30T01:13:42+00:00 INFO    [run=5f503ce062c64c3bb78775bcf0922016 phase=speed_test event=progress.updated] 测速  53/263 (20%)  有效 35  失败 18  CCTV-11
2026-09-30T01:13:49+00:00 INFO    [run=5f503ce062c64c3bb78775bcf0922016 phase=speed_test event=progress.updated] 测速  79/263 (30%)  有效 57  失败 22  CCTV-15
2026-09-30T01:13:58+00:00 INFO    [run=5f503ce062c64c3bb78775bcf0922016 phase=speed_test event=progress.updated] 测速  106/263 (40%)  有效 75  失败 31  浙江卫视
2026-09-30T01:14:07+00:00 INFO    [run=5f503ce062c64c3bb78775bcf0922016 phase=speed_test event=progress.updated] 测速  132/263 (50%)  有效 90  失败 42  东南卫视
2026-09-30T01:14:17+00:00 INFO    [run=5f503ce062c64c3bb78775bcf0922016 phase=speed_test event=progress.updated] 测速  158/263 (60%)  有效 106  失败 52  河南卫视
2026-09-30T01:14:23+00:00 INFO    [run=5f503ce062c64c3bb78775bcf0922016 phase=speed_test event=progress.updated] 测速  185/263 (70%)  有效 125  失败 60  宁夏卫视
2026-09-30T01:14:31+00:00 INFO    [run=5f503ce062c64c3bb78775bcf0922016 phase=speed_test event=progress.updated] 测速  211/263 (80%)  有效 150  失败 61  山东卫视
2026-09-30T01:14:41+00:00 INFO    [run=5f503ce062c64c3bb78775bcf0922016 phase=speed_test event=progress.updated] 测速  237/263 (90%)  有效 167  失败 70  新疆卫视
2026-09-30T01:14:52+00:00 INFO    [run=5f503ce062c64c3bb78775bcf0922016 phase=speed_test event=progress.updated] 测速  263/263 (100%)  有效 179  失败 84  浙江少儿
2026-09-30T01:14:52+00:00 INFO    [run=5f503ce062c64c3bb78775bcf0922016 phase=speed_test event=speed_test.artifacts_written] 测速明细已写入 output/log/speed_test.log，有效结果已写入 output/log/result.log
2026-09-30T01:14:52+00:00 INFO    [run=5f503ce062c64c3bb78775bcf0922016 phase=speed_test event=progress.finished] 测速  263/263  有效 179  失败 84
2026-09-30T01:14:53+00:00 INFO    [run=5f503ce062c64c3bb78775bcf0922016 phase=output event=output.written] 结果文件生成完成：更新 3 个文件
2026-09-30T01:14:53+00:00 INFO    [run=5f503ce062c64c3bb78775bcf0922016 phase=statistics event=statistics.finished] 频道统计完成：测试 263，有效 179
2026-09-30T01:14:53+00:00 INFO    [run=5f503ce062c64c3bb78775bcf0922016 phase=complete event=run.summary] 更新摘要
2026-09-30T01:14:53+00:00 INFO    [run=5f503ce062c64c3bb78775bcf0922016 phase=complete event=run.finished] 更新完成！总耗时：01:44
2026-10-01T01:14:18+00:00 INFO    [event=application.started] IPTV-API 版本: 3.0.0 (构建时间: 2026-08-07 11:45:59)
2026-10-01T01:14:18+00:00 INFO    [phase=prepare event=network.ipv6.checking] 🛜 正在检查当前网络是否支持IPv6...
2026-10-01T01:14:18+00:00 WARNING [phase=prepare event=network.ipv6.unsupported] 当前网络不支持IPv6，别担心，IPv6的结果会被保存下来
2026-10-01T01:14:18+00:00 INFO    [run=aac608131d0d43a1b1509fcc7b767c8a phase=prepare event=run.started] 性能模式: auto → balance，可用资源: 4.0 CPU / 15.61 GB，并发: 测速 8、媒体探测 2、源抓取 8
2026-10-01T01:14:18+00:00 INFO    [run=aac608131d0d43a1b1509fcc7b767c8a phase=prepare event=channels.catalog_loaded] 频道目录已加载：白名单 0，黑名单 2，台标 21
2026-10-01T01:14:18+00:00 INFO    [run=aac608131d0d43a1b1509fcc7b767c8a phase=fetch event=sources.subscribe.summary] 订阅源数量：3，订阅白名单数量：0，停用地址数量：0，有效总数量：3
2026-10-01T01:14:18+00:00 INFO    [run=aac608131d0d43a1b1509fcc7b767c8a phase=fetch event=progress.started] 正在进行获取订阅源  0/3
2026-10-01T01:14:18+00:00 INFO    [run=aac608131d0d43a1b1509fcc7b767c8a phase=fetch event=sources.epg.summary] EPG源数量：1，EPG白名单数量：0，停用地址数量：0，有效总数量：1
2026-10-01T01:14:18+00:00 INFO    [run=aac608131d0d43a1b1509fcc7b767c8a phase=fetch event=progress.started] 正在进行获取EPG源  0/1
2026-10-01T01:14:19+00:00 WARNING [run=aac608131d0d43a1b1509fcc7b767c8a phase=fetch event=request.retrying] 🔄 请求http://e.erw.cc/e.xml.gz失败，正在进行第1次重试...
2026-10-01T01:14:19+00:00 ERROR   [run=aac608131d0d43a1b1509fcc7b767c8a phase=fetch event=source.parse_failed] http://e.erw.cc/e.xml.gz 出错：❌ 请求http://e.erw.cc/e.xml.gz失败，已达到最大重试次数
2026-10-01T01:14:19+00:00 INFO    [run=aac608131d0d43a1b1509fcc7b767c8a phase=fetch event=progress.updated] 正在进行获取EPG源  1/1 (100%)  剩余 0
2026-10-01T01:14:19+00:00 INFO    [run=aac608131d0d43a1b1509fcc7b767c8a phase=fetch event=sources.epg.finished] EPG源: ✅ 有效地址数量：1，⛔ 停用地址数量：0
2026-10-01T01:14:19+00:00 INFO    [run=aac608131d0d43a1b1509fcc7b767c8a phase=fetch event=progress.finished] 正在进行获取EPG源  1/1  匹配 0 个频道
2026-10-01T01:14:20+00:00 INFO    [run=aac608131d0d43a1b1509fcc7b767c8a phase=fetch event=progress.updated] 正在进行获取订阅源  1/3 (33%)  剩余 2
2026-10-01T01:14:20+00:00 INFO    [run=aac608131d0d43a1b1509fcc7b767c8a phase=fetch event=progress.updated] 正在进行获取订阅源  2/3 (66%)  剩余 1
2026-10-01T01:14:20+00:00 INFO    [run=aac608131d0d43a1b1509fcc7b767c8a phase=fetch event=progress.updated] 正在进行获取订阅源  3/3 (100%)  剩余 0
2026-10-01T01:14:20+00:00 INFO    [run=aac608131d0d43a1b1509fcc7b767c8a phase=fetch event=sources.subscribe.finished] 订阅源: ✅ 有效地址数量：3，⛔ 停用地址数量：0
2026-10-01T01:14:20+00:00 INFO    [run=aac608131d0d43a1b1509fcc7b767c8a phase=fetch event=progress.finished] 正在进行获取订阅源  3/3  未匹配 1211
2026-10-01T01:14:37+00:00 INFO    [run=aac608131d0d43a1b1509fcc7b767c8a phase=aggregate event=channels.aggregated] 频道数据聚合完成：94 个频道，284 个接口（IPv4 284 / IPv6 0）
2026-10-01T01:14:37+00:00 INFO    [run=aac608131d0d43a1b1509fcc7b767c8a phase=speed_test event=speed_test.planned] 总接口数量: 263, 需要进行测速的接口数量: 263
2026-10-01T01:14:37+00:00 INFO    [run=aac608131d0d43a1b1509fcc7b767c8a phase=speed_test event=progress.started] 测速  0/263
2026-10-01T01:14:38+00:00 INFO    [run=aac608131d0d43a1b1509fcc7b767c8a phase=speed_test event=progress.updated] 测速  1/263 (0%)  有效 1  失败 0  CCTV-1
2026-10-01T01:14:47+00:00 INFO    [run=aac608131d0d43a1b1509fcc7b767c8a phase=speed_test event=progress.updated] 测速  27/263 (10%)  有效 15  失败 12  CCTV-6
2026-10-01T01:14:52+00:00 INFO    [run=aac608131d0d43a1b1509fcc7b767c8a phase=speed_test event=progress.updated] 测速  53/263 (20%)  有效 36  失败 17  CCTV-9
2026-10-01T01:14:59+00:00 INFO    [run=aac608131d0d43a1b1509fcc7b767c8a phase=speed_test event=progress.updated] 测速  79/263 (30%)  有效 55  失败 24  CCTV-15
2026-10-01T01:15:05+00:00 INFO    [run=aac608131d0d43a1b1509fcc7b767c8a phase=speed_test event=progress.updated] 测速  106/263 (40%)  有效 77  失败 29  CETV-1
2026-10-01T01:15:14+00:00 INFO    [run=aac608131d0d43a1b1509fcc7b767c8a phase=speed_test event=progress.updated] 测速  132/263 (50%)  有效 89  失败 43  安徽卫视
2026-10-01T01:15:22+00:00 INFO    [run=aac608131d0d43a1b1509fcc7b767c8a phase=speed_test event=progress.updated] 测速  158/263 (60%)  有效 106  失败 52  河北卫视
2026-10-01T01:15:28+00:00 INFO    [run=aac608131d0d43a1b1509fcc7b767c8a phase=speed_test event=progress.updated] 测速  185/263 (70%)  有效 125  失败 60  辽宁卫视
2026-10-01T01:15:35+00:00 INFO    [run=aac608131d0d43a1b1509fcc7b767c8a phase=speed_test event=progress.updated] 测速  211/263 (80%)  有效 148  失败 63  山东卫视
2026-10-01T01:15:42+00:00 INFO    [run=aac608131d0d43a1b1509fcc7b767c8a phase=speed_test event=progress.updated] 测速  237/263 (90%)  有效 169  失败 68  云南卫视
2026-10-01T01:15:54+00:00 INFO    [run=aac608131d0d43a1b1509fcc7b767c8a phase=speed_test event=progress.updated] 测速  263/263 (100%)  有效 182  失败 81  浙江数码时代
2026-10-01T01:15:54+00:00 INFO    [run=aac608131d0d43a1b1509fcc7b767c8a phase=speed_test event=speed_test.artifacts_written] 测速明细已写入 output/log/speed_test.log，有效结果已写入 output/log/result.log
2026-10-01T01:15:54+00:00 INFO    [run=aac608131d0d43a1b1509fcc7b767c8a phase=speed_test event=progress.finished] 测速  263/263  有效 182  失败 81
2026-10-01T01:15:54+00:00 INFO    [run=aac608131d0d43a1b1509fcc7b767c8a phase=output event=output.written] 结果文件生成完成：更新 3 个文件
2026-10-01T01:15:54+00:00 INFO    [run=aac608131d0d43a1b1509fcc7b767c8a phase=statistics event=statistics.finished] 频道统计完成：测试 263，有效 182
2026-10-01T01:15:54+00:00 INFO    [run=aac608131d0d43a1b1509fcc7b767c8a phase=complete event=run.summary] 更新摘要
2026-10-01T01:15:54+00:00 INFO    [run=aac608131d0d43a1b1509fcc7b767c8a phase=complete event=run.finished] 更新完成！总耗时：01:35
2026-10-02T01:32:07+00:00 INFO    [event=application.started] IPTV-API 版本: 3.0.0 (构建时间: 2026-08-07 11:45:59)
2026-10-02T01:32:07+00:00 INFO    [phase=prepare event=network.ipv6.checking] 🛜 正在检查当前网络是否支持IPv6...
2026-10-02T01:32:08+00:00 WARNING [phase=prepare event=network.ipv6.unsupported] 当前网络不支持IPv6，别担心，IPv6的结果会被保存下来
2026-10-02T01:32:08+00:00 INFO    [run=7d7fbd85812440e0a55e121d7da741d9 phase=prepare event=run.started] 性能模式: auto → balance，可用资源: 4.0 CPU / 15.61 GB，并发: 测速 8、媒体探测 2、源抓取 8
2026-10-02T01:32:08+00:00 INFO    [run=7d7fbd85812440e0a55e121d7da741d9 phase=prepare event=channels.catalog_loaded] 频道目录已加载：白名单 0，黑名单 2，台标 21
2026-10-02T01:32:08+00:00 INFO    [run=7d7fbd85812440e0a55e121d7da741d9 phase=fetch event=sources.subscribe.summary] 订阅源数量：3，订阅白名单数量：0，停用地址数量：0，有效总数量：3
2026-10-02T01:32:08+00:00 INFO    [run=7d7fbd85812440e0a55e121d7da741d9 phase=fetch event=progress.started] 正在进行获取订阅源  0/3
2026-10-02T01:32:08+00:00 INFO    [run=7d7fbd85812440e0a55e121d7da741d9 phase=fetch event=sources.epg.summary] EPG源数量：1，EPG白名单数量：0，停用地址数量：0，有效总数量：1
2026-10-02T01:32:08+00:00 INFO    [run=7d7fbd85812440e0a55e121d7da741d9 phase=fetch event=progress.started] 正在进行获取EPG源  0/1
2026-10-02T01:32:08+00:00 WARNING [run=7d7fbd85812440e0a55e121d7da741d9 phase=fetch event=request.retrying] 🔄 请求http://e.erw.cc/e.xml.gz失败，正在进行第1次重试...
2026-10-02T01:32:08+00:00 ERROR   [run=7d7fbd85812440e0a55e121d7da741d9 phase=fetch event=source.parse_failed] http://e.erw.cc/e.xml.gz 出错：❌ 请求http://e.erw.cc/e.xml.gz失败，已达到最大重试次数
2026-10-02T01:32:08+00:00 INFO    [run=7d7fbd85812440e0a55e121d7da741d9 phase=fetch event=progress.updated] 正在进行获取EPG源  1/1 (100%)  剩余 0
2026-10-02T01:32:08+00:00 INFO    [run=7d7fbd85812440e0a55e121d7da741d9 phase=fetch event=sources.epg.finished] EPG源: ✅ 有效地址数量：1，⛔ 停用地址数量：0
2026-10-02T01:32:08+00:00 INFO    [run=7d7fbd85812440e0a55e121d7da741d9 phase=fetch event=progress.finished] 正在进行获取EPG源  1/1  匹配 0 个频道
2026-10-02T01:32:09+00:00 INFO    [run=7d7fbd85812440e0a55e121d7da741d9 phase=fetch event=progress.updated] 正在进行获取订阅源  1/3 (33%)  剩余 2
2026-10-02T01:32:09+00:00 INFO    [run=7d7fbd85812440e0a55e121d7da741d9 phase=fetch event=progress.updated] 正在进行获取订阅源  2/3 (66%)  剩余 1
2026-10-02T01:32:09+00:00 INFO    [run=7d7fbd85812440e0a55e121d7da741d9 phase=fetch event=progress.updated] 正在进行获取订阅源  3/3 (100%)  剩余 0
2026-10-02T01:32:09+00:00 INFO    [run=7d7fbd85812440e0a55e121d7da741d9 phase=fetch event=sources.subscribe.finished] 订阅源: ✅ 有效地址数量：3，⛔ 停用地址数量：0
2026-10-02T01:32:09+00:00 INFO    [run=7d7fbd85812440e0a55e121d7da741d9 phase=fetch event=progress.finished] 正在进行获取订阅源  3/3  未匹配 1211
2026-10-02T01:32:25+00:00 INFO    [run=7d7fbd85812440e0a55e121d7da741d9 phase=aggregate event=channels.aggregated] 频道数据聚合完成：94 个频道，284 个接口（IPv4 284 / IPv6 0）
2026-10-02T01:32:25+00:00 INFO    [run=7d7fbd85812440e0a55e121d7da741d9 phase=speed_test event=speed_test.planned] 总接口数量: 263, 需要进行测速的接口数量: 263
2026-10-02T01:32:25+00:00 INFO    [run=7d7fbd85812440e0a55e121d7da741d9 phase=speed_test event=progress.started] 测速  0/263
2026-10-02T01:32:25+00:00 INFO    [run=7d7fbd85812440e0a55e121d7da741d9 phase=speed_test event=progress.updated] 测速  1/263 (0%)  有效 1  失败 0  CCTV-1
2026-10-02T01:32:33+00:00 INFO    [run=7d7fbd85812440e0a55e121d7da741d9 phase=speed_test event=progress.updated] 测速  27/263 (10%)  有效 16  失败 11  CCTV-6
2026-10-02T01:32:40+00:00 INFO    [run=7d7fbd85812440e0a55e121d7da741d9 phase=speed_test event=progress.updated] 测速  53/263 (20%)  有效 36  失败 17  CCTV-11
2026-10-02T01:32:46+00:00 INFO    [run=7d7fbd85812440e0a55e121d7da741d9 phase=speed_test event=progress.updated] 测速  79/263 (30%)  有效 52  失败 27  CCTV-17
2026-10-02T01:32:52+00:00 INFO    [run=7d7fbd85812440e0a55e121d7da741d9 phase=speed_test event=progress.updated] 测速  106/263 (40%)  有效 73  失败 33  湖南卫视
2026-10-02T01:33:01+00:00 INFO    [run=7d7fbd85812440e0a55e121d7da741d9 phase=speed_test event=progress.updated] 测速  132/263 (50%)  有效 91  失败 41  安徽卫视
2026-10-02T01:33:10+00:00 INFO    [run=7d7fbd85812440e0a55e121d7da741d9 phase=speed_test event=progress.updated] 测速  158/263 (60%)  有效 105  失败 53  吉林卫视
2026-10-02T01:33:16+00:00 INFO    [run=7d7fbd85812440e0a55e121d7da741d9 phase=speed_test event=progress.updated] 测速  185/263 (70%)  有效 122  失败 63  宁夏卫视
2026-10-02T01:33:25+00:00 INFO    [run=7d7fbd85812440e0a55e121d7da741d9 phase=speed_test event=progress.updated] 测速  211/263 (80%)  有效 141  失败 70  深圳卫视
2026-10-02T01:33:33+00:00 INFO    [run=7d7fbd85812440e0a55e121d7da741d9 phase=speed_test event=progress.updated] 测速  237/263 (90%)  有效 157  失败 80  云南卫视
2026-10-02T01:33:49+00:00 INFO    [run=7d7fbd85812440e0a55e121d7da741d9 phase=speed_test event=progress.updated] 测速  263/263 (100%)  有效 164  失败 99  浙江经济生活
2026-10-02T01:33:49+00:00 INFO    [run=7d7fbd85812440e0a55e121d7da741d9 phase=speed_test event=speed_test.artifacts_written] 测速明细已写入 output/log/speed_test.log，有效结果已写入 output/log/result.log
2026-10-02T01:33:49+00:00 INFO    [run=7d7fbd85812440e0a55e121d7da741d9 phase=speed_test event=progress.finished] 测速  263/263  有效 164  失败 99
2026-10-02T01:33:49+00:00 INFO    [run=7d7fbd85812440e0a55e121d7da741d9 phase=output event=output.written] 结果文件生成完成：更新 3 个文件
2026-10-02T01:33:49+00:00 INFO    [run=7d7fbd85812440e0a55e121d7da741d9 phase=statistics event=statistics.finished] 频道统计完成：测试 263，有效 164
2026-10-02T01:33:49+00:00 INFO    [run=7d7fbd85812440e0a55e121d7da741d9 phase=complete event=run.summary] 更新摘要
2026-10-02T01:33:49+00:00 INFO    [run=7d7fbd85812440e0a55e121d7da741d9 phase=complete event=run.finished] 更新完成！总耗时：01:41
2026-10-03T01:02:57+00:00 INFO    [event=application.started] IPTV-API 版本: 3.0.0 (构建时间: 2026-08-07 11:45:59)
2026-10-03T01:02:57+00:00 INFO    [phase=prepare event=network.ipv6.checking] 🛜 正在检查当前网络是否支持IPv6...
2026-10-03T01:02:57+00:00 WARNING [phase=prepare event=network.ipv6.unsupported] 当前网络不支持IPv6，别担心，IPv6的结果会被保存下来
2026-10-03T01:02:57+00:00 INFO    [run=3040f8c391964932a5e72c6a47a7371c phase=prepare event=run.started] 性能模式: auto → balance，可用资源: 4.0 CPU / 15.61 GB，并发: 测速 8、媒体探测 2、源抓取 8
2026-10-03T01:02:57+00:00 INFO    [run=3040f8c391964932a5e72c6a47a7371c phase=prepare event=channels.catalog_loaded] 频道目录已加载：白名单 0，黑名单 2，台标 21
2026-10-03T01:02:57+00:00 INFO    [run=3040f8c391964932a5e72c6a47a7371c phase=fetch event=sources.subscribe.summary] 订阅源数量：3，订阅白名单数量：0，停用地址数量：0，有效总数量：3
2026-10-03T01:02:57+00:00 INFO    [run=3040f8c391964932a5e72c6a47a7371c phase=fetch event=progress.started] 正在进行获取订阅源  0/3
2026-10-03T01:02:57+00:00 INFO    [run=3040f8c391964932a5e72c6a47a7371c phase=fetch event=sources.epg.summary] EPG源数量：1，EPG白名单数量：0，停用地址数量：0，有效总数量：1
2026-10-03T01:02:57+00:00 INFO    [run=3040f8c391964932a5e72c6a47a7371c phase=fetch event=progress.started] 正在进行获取EPG源  0/1
2026-10-03T01:02:57+00:00 WARNING [run=3040f8c391964932a5e72c6a47a7371c phase=fetch event=request.retrying] 🔄 请求http://e.erw.cc/e.xml.gz失败，正在进行第1次重试...
2026-10-03T01:02:57+00:00 ERROR   [run=3040f8c391964932a5e72c6a47a7371c phase=fetch event=source.parse_failed] http://e.erw.cc/e.xml.gz 出错：❌ 请求http://e.erw.cc/e.xml.gz失败，已达到最大重试次数
2026-10-03T01:02:57+00:00 INFO    [run=3040f8c391964932a5e72c6a47a7371c phase=fetch event=progress.updated] 正在进行获取EPG源  1/1 (100%)  剩余 0
2026-10-03T01:02:57+00:00 INFO    [run=3040f8c391964932a5e72c6a47a7371c phase=fetch event=sources.epg.finished] EPG源: ✅ 有效地址数量：1，⛔ 停用地址数量：0
2026-10-03T01:02:57+00:00 INFO    [run=3040f8c391964932a5e72c6a47a7371c phase=fetch event=progress.finished] 正在进行获取EPG源  1/1  匹配 0 个频道
2026-10-03T01:02:58+00:00 INFO    [run=3040f8c391964932a5e72c6a47a7371c phase=fetch event=progress.updated] 正在进行获取订阅源  1/3 (33%)  剩余 2
2026-10-03T01:02:58+00:00 INFO    [run=3040f8c391964932a5e72c6a47a7371c phase=fetch event=progress.updated] 正在进行获取订阅源  2/3 (66%)  剩余 1
2026-10-03T01:02:58+00:00 INFO    [run=3040f8c391964932a5e72c6a47a7371c phase=fetch event=progress.updated] 正在进行获取订阅源  3/3 (100%)  剩余 0
2026-10-03T01:02:58+00:00 INFO    [run=3040f8c391964932a5e72c6a47a7371c phase=fetch event=sources.subscribe.finished] 订阅源: ✅ 有效地址数量：3，⛔ 停用地址数量：0
2026-10-03T01:02:58+00:00 INFO    [run=3040f8c391964932a5e72c6a47a7371c phase=fetch event=progress.finished] 正在进行获取订阅源  3/3  未匹配 1211
2026-10-03T01:03:15+00:00 INFO    [run=3040f8c391964932a5e72c6a47a7371c phase=aggregate event=channels.aggregated] 频道数据聚合完成：94 个频道，284 个接口（IPv4 284 / IPv6 0）
2026-10-03T01:03:15+00:00 INFO    [run=3040f8c391964932a5e72c6a47a7371c phase=speed_test event=speed_test.planned] 总接口数量: 263, 需要进行测速的接口数量: 263
2026-10-03T01:03:15+00:00 INFO    [run=3040f8c391964932a5e72c6a47a7371c phase=speed_test event=progress.started] 测速  0/263
2026-10-03T01:03:16+00:00 INFO    [run=3040f8c391964932a5e72c6a47a7371c phase=speed_test event=progress.updated] 测速  1/263 (0%)  有效 1  失败 0  CCTV-1
2026-10-03T01:03:25+00:00 INFO    [run=3040f8c391964932a5e72c6a47a7371c phase=speed_test event=progress.updated] 测速  27/263 (10%)  有效 14  失败 13  CCTV-5
2026-10-03T01:03:32+00:00 INFO    [run=3040f8c391964932a5e72c6a47a7371c phase=speed_test event=progress.updated] 测速  53/263 (20%)  有效 36  失败 17  CCTV-11
2026-10-03T01:03:40+00:00 INFO    [run=3040f8c391964932a5e72c6a47a7371c phase=speed_test event=progress.updated] 测速  79/263 (30%)  有效 54  失败 25  CCTV-16
2026-10-03T01:03:48+00:00 INFO    [run=3040f8c391964932a5e72c6a47a7371c phase=speed_test event=progress.updated] 测速  106/263 (40%)  有效 77  失败 29  北京卫视
2026-10-03T01:03:55+00:00 INFO    [run=3040f8c391964932a5e72c6a47a7371c phase=speed_test event=progress.updated] 测速  132/263 (50%)  有效 95  失败 37  东方卫视
2026-10-03T01:04:03+00:00 INFO    [run=3040f8c391964932a5e72c6a47a7371c phase=speed_test event=progress.updated] 测速  158/263 (60%)  有效 116  失败 42  河南卫视
2026-10-03T01:04:09+00:00 INFO    [run=3040f8c391964932a5e72c6a47a7371c phase=speed_test event=progress.updated] 测速  185/263 (70%)  有效 137  失败 48  辽宁卫视
2026-10-03T01:04:18+00:00 INFO    [run=3040f8c391964932a5e72c6a47a7371c phase=speed_test event=progress.updated] 测速  211/263 (80%)  有效 158  失败 53  深圳卫视
2026-10-03T01:04:26+00:00 INFO    [run=3040f8c391964932a5e72c6a47a7371c phase=speed_test event=progress.updated] 测速  237/263 (90%)  有效 176  失败 61  新疆卫视
2026-10-03T01:04:38+00:00 INFO    [run=3040f8c391964932a5e72c6a47a7371c phase=speed_test event=progress.updated] 测速  263/263 (100%)  有效 187  失败 76  浙江经济生活
2026-10-03T01:04:38+00:00 INFO    [run=3040f8c391964932a5e72c6a47a7371c phase=speed_test event=speed_test.artifacts_written] 测速明细已写入 output/log/speed_test.log，有效结果已写入 output/log/result.log
2026-10-03T01:04:38+00:00 INFO    [run=3040f8c391964932a5e72c6a47a7371c phase=speed_test event=progress.finished] 测速  263/263  有效 187  失败 76
2026-10-03T01:04:38+00:00 INFO    [run=3040f8c391964932a5e72c6a47a7371c phase=output event=output.written] 结果文件生成完成：更新 3 个文件
2026-10-03T01:04:38+00:00 INFO    [run=3040f8c391964932a5e72c6a47a7371c phase=statistics event=statistics.finished] 频道统计完成：测试 263，有效 187
2026-10-03T01:04:38+00:00 INFO    [run=3040f8c391964932a5e72c6a47a7371c phase=complete event=run.summary] 更新摘要
2026-10-03T01:04:38+00:00 INFO    [run=3040f8c391964932a5e72c6a47a7371c phase=complete event=run.finished] 更新完成！总耗时：01:40
2026-10-04T00:28:27+00:00 INFO    [event=application.started] IPTV-API 版本: 3.0.0 (构建时间: 2026-08-07 11:45:59)
2026-10-04T00:28:27+00:00 INFO    [phase=prepare event=network.ipv6.checking] 🛜 正在检查当前网络是否支持IPv6...
2026-10-04T00:28:28+00:00 WARNING [phase=prepare event=network.ipv6.unsupported] 当前网络不支持IPv6，别担心，IPv6的结果会被保存下来
2026-10-04T00:28:28+00:00 INFO    [run=d9275608aa1248d6ade7b2f5ec6f67b2 phase=prepare event=run.started] 性能模式: auto → balance，可用资源: 4.0 CPU / 15.61 GB，并发: 测速 8、媒体探测 2、源抓取 8
2026-10-04T00:28:28+00:00 INFO    [run=d9275608aa1248d6ade7b2f5ec6f67b2 phase=prepare event=channels.catalog_loaded] 频道目录已加载：白名单 0，黑名单 2，台标 21
2026-10-04T00:28:28+00:00 INFO    [run=d9275608aa1248d6ade7b2f5ec6f67b2 phase=fetch event=sources.subscribe.summary] 订阅源数量：3，订阅白名单数量：0，停用地址数量：0，有效总数量：3
2026-10-04T00:28:28+00:00 INFO    [run=d9275608aa1248d6ade7b2f5ec6f67b2 phase=fetch event=progress.started] 正在进行获取订阅源  0/3
2026-10-04T00:28:28+00:00 INFO    [run=d9275608aa1248d6ade7b2f5ec6f67b2 phase=fetch event=sources.epg.summary] EPG源数量：1，EPG白名单数量：0，停用地址数量：0，有效总数量：1
2026-10-04T00:28:28+00:00 INFO    [run=d9275608aa1248d6ade7b2f5ec6f67b2 phase=fetch event=progress.started] 正在进行获取EPG源  0/1
2026-10-04T00:28:28+00:00 WARNING [run=d9275608aa1248d6ade7b2f5ec6f67b2 phase=fetch event=request.retrying] 🔄 请求http://e.erw.cc/e.xml.gz失败，正在进行第1次重试...
2026-10-04T00:28:28+00:00 ERROR   [run=d9275608aa1248d6ade7b2f5ec6f67b2 phase=fetch event=source.parse_failed] http://e.erw.cc/e.xml.gz 出错：❌ 请求http://e.erw.cc/e.xml.gz失败，已达到最大重试次数
2026-10-04T00:28:28+00:00 INFO    [run=d9275608aa1248d6ade7b2f5ec6f67b2 phase=fetch event=progress.updated] 正在进行获取EPG源  1/1 (100%)  剩余 0
2026-10-04T00:28:28+00:00 INFO    [run=d9275608aa1248d6ade7b2f5ec6f67b2 phase=fetch event=sources.epg.finished] EPG源: ✅ 有效地址数量：1，⛔ 停用地址数量：0
2026-10-04T00:28:28+00:00 INFO    [run=d9275608aa1248d6ade7b2f5ec6f67b2 phase=fetch event=progress.finished] 正在进行获取EPG源  1/1  匹配 0 个频道
2026-10-04T00:28:29+00:00 INFO    [run=d9275608aa1248d6ade7b2f5ec6f67b2 phase=fetch event=progress.updated] 正在进行获取订阅源  1/3 (33%)  剩余 2
2026-10-04T00:28:29+00:00 INFO    [run=d9275608aa1248d6ade7b2f5ec6f67b2 phase=fetch event=progress.updated] 正在进行获取订阅源  2/3 (66%)  剩余 1
2026-10-04T00:28:29+00:00 INFO    [run=d9275608aa1248d6ade7b2f5ec6f67b2 phase=fetch event=progress.updated] 正在进行获取订阅源  3/3 (100%)  剩余 0
2026-10-04T00:28:29+00:00 INFO    [run=d9275608aa1248d6ade7b2f5ec6f67b2 phase=fetch event=sources.subscribe.finished] 订阅源: ✅ 有效地址数量：3，⛔ 停用地址数量：0
2026-10-04T00:28:29+00:00 INFO    [run=d9275608aa1248d6ade7b2f5ec6f67b2 phase=fetch event=progress.finished] 正在进行获取订阅源  3/3  未匹配 1211
2026-10-04T00:28:46+00:00 INFO    [run=d9275608aa1248d6ade7b2f5ec6f67b2 phase=aggregate event=channels.aggregated] 频道数据聚合完成：94 个频道，284 个接口（IPv4 284 / IPv6 0）
2026-10-04T00:28:46+00:00 INFO    [run=d9275608aa1248d6ade7b2f5ec6f67b2 phase=speed_test event=speed_test.planned] 总接口数量: 263, 需要进行测速的接口数量: 263
2026-10-04T00:28:46+00:00 INFO    [run=d9275608aa1248d6ade7b2f5ec6f67b2 phase=speed_test event=progress.started] 测速  0/263
2026-10-04T00:28:47+00:00 INFO    [run=d9275608aa1248d6ade7b2f5ec6f67b2 phase=speed_test event=progress.updated] 测速  1/263 (0%)  有效 1  失败 0  CCTV-1
2026-10-04T00:28:56+00:00 INFO    [run=d9275608aa1248d6ade7b2f5ec6f67b2 phase=speed_test event=progress.updated] 测速  27/263 (10%)  有效 17  失败 10  CCTV-6
2026-10-04T00:29:03+00:00 INFO    [run=d9275608aa1248d6ade7b2f5ec6f67b2 phase=speed_test event=progress.updated] 测速  53/263 (20%)  有效 35  失败 18  CCTV-11
2026-10-04T00:29:10+00:00 INFO    [run=d9275608aa1248d6ade7b2f5ec6f67b2 phase=speed_test event=progress.updated] 测速  79/263 (30%)  有效 47  失败 32  CCTV-16
2026-10-04T00:29:18+00:00 INFO    [run=d9275608aa1248d6ade7b2f5ec6f67b2 phase=speed_test event=progress.updated] 测速  106/263 (40%)  有效 68  失败 38  湖南卫视
2026-10-04T00:29:25+00:00 INFO    [run=d9275608aa1248d6ade7b2f5ec6f67b2 phase=speed_test event=progress.updated] 测速  132/263 (50%)  有效 87  失败 45  北京卫视
2026-10-04T00:29:32+00:00 INFO    [run=d9275608aa1248d6ade7b2f5ec6f67b2 phase=speed_test event=progress.updated] 测速  158/263 (60%)  有效 105  失败 53  河北卫视
2026-10-04T00:29:38+00:00 INFO    [run=d9275608aa1248d6ade7b2f5ec6f67b2 phase=speed_test event=progress.updated] 测速  185/263 (70%)  有效 126  失败 59  江西卫视
2026-10-04T00:29:44+00:00 INFO    [run=d9275608aa1248d6ade7b2f5ec6f67b2 phase=speed_test event=progress.updated] 测速  211/263 (80%)  有效 148  失败 63  陕西卫视
2026-10-04T00:29:51+00:00 INFO    [run=d9275608aa1248d6ade7b2f5ec6f67b2 phase=speed_test event=progress.updated] 测速  237/263 (90%)  有效 165  失败 72  广东珠江
2026-10-04T00:30:06+00:00 INFO    [run=d9275608aa1248d6ade7b2f5ec6f67b2 phase=speed_test event=progress.updated] 测速  263/263 (100%)  有效 174  失败 89  浙江经济生活
2026-10-04T00:30:06+00:00 INFO    [run=d9275608aa1248d6ade7b2f5ec6f67b2 phase=speed_test event=speed_test.artifacts_written] 测速明细已写入 output/log/speed_test.log，有效结果已写入 output/log/result.log
2026-10-04T00:30:06+00:00 INFO    [run=d9275608aa1248d6ade7b2f5ec6f67b2 phase=speed_test event=progress.finished] 测速  263/263  有效 174  失败 89
2026-10-04T00:30:06+00:00 INFO    [run=d9275608aa1248d6ade7b2f5ec6f67b2 phase=output event=output.written] 结果文件生成完成：更新 3 个文件
2026-10-04T00:30:06+00:00 INFO    [run=d9275608aa1248d6ade7b2f5ec6f67b2 phase=statistics event=statistics.finished] 频道统计完成：测试 263，有效 174
2026-10-04T00:30:06+00:00 INFO    [run=d9275608aa1248d6ade7b2f5ec6f67b2 phase=complete event=run.summary] 更新摘要
2026-10-04T00:30:06+00:00 INFO    [run=d9275608aa1248d6ade7b2f5ec6f67b2 phase=complete event=run.finished] 更新完成！总耗时：01:38
2026-10-05T00:42:16+00:00 INFO    [event=application.started] IPTV-API 版本: 3.0.0 (构建时间: 2026-08-07 11:45:59)
2026-10-05T00:42:16+00:00 INFO    [phase=prepare event=network.ipv6.checking] 🛜 正在检查当前网络是否支持IPv6...
2026-10-05T00:42:16+00:00 WARNING [phase=prepare event=network.ipv6.unsupported] 当前网络不支持IPv6，别担心，IPv6的结果会被保存下来
2026-10-05T00:42:16+00:00 INFO    [run=974633dfaf6844bbb4d4a2c935ce3aa3 phase=prepare event=run.started] 性能模式: auto → balance，可用资源: 4.0 CPU / 15.61 GB，并发: 测速 8、媒体探测 2、源抓取 8
2026-10-05T00:42:16+00:00 INFO    [run=974633dfaf6844bbb4d4a2c935ce3aa3 phase=prepare event=channels.catalog_loaded] 频道目录已加载：白名单 0，黑名单 2，台标 21
2026-10-05T00:42:16+00:00 INFO    [run=974633dfaf6844bbb4d4a2c935ce3aa3 phase=fetch event=sources.subscribe.summary] 订阅源数量：3，订阅白名单数量：0，停用地址数量：0，有效总数量：3
2026-10-05T00:42:16+00:00 INFO    [run=974633dfaf6844bbb4d4a2c935ce3aa3 phase=fetch event=progress.started] 正在进行获取订阅源  0/3
2026-10-05T00:42:16+00:00 INFO    [run=974633dfaf6844bbb4d4a2c935ce3aa3 phase=fetch event=sources.epg.summary] EPG源数量：1，EPG白名单数量：0，停用地址数量：0，有效总数量：1
2026-10-05T00:42:16+00:00 INFO    [run=974633dfaf6844bbb4d4a2c935ce3aa3 phase=fetch event=progress.started] 正在进行获取EPG源  0/1
2026-10-05T00:42:16+00:00 WARNING [run=974633dfaf6844bbb4d4a2c935ce3aa3 phase=fetch event=request.retrying] 🔄 请求http://e.erw.cc/e.xml.gz失败，正在进行第1次重试...
2026-10-05T00:42:16+00:00 ERROR   [run=974633dfaf6844bbb4d4a2c935ce3aa3 phase=fetch event=source.parse_failed] http://e.erw.cc/e.xml.gz 出错：❌ 请求http://e.erw.cc/e.xml.gz失败，已达到最大重试次数
2026-10-05T00:42:16+00:00 INFO    [run=974633dfaf6844bbb4d4a2c935ce3aa3 phase=fetch event=progress.updated] 正在进行获取EPG源  1/1 (100%)  剩余 0
2026-10-05T00:42:16+00:00 INFO    [run=974633dfaf6844bbb4d4a2c935ce3aa3 phase=fetch event=sources.epg.finished] EPG源: ✅ 有效地址数量：1，⛔ 停用地址数量：0
2026-10-05T00:42:16+00:00 INFO    [run=974633dfaf6844bbb4d4a2c935ce3aa3 phase=fetch event=progress.finished] 正在进行获取EPG源  1/1  匹配 0 个频道
2026-10-05T00:42:17+00:00 INFO    [run=974633dfaf6844bbb4d4a2c935ce3aa3 phase=fetch event=progress.updated] 正在进行获取订阅源  1/3 (33%)  剩余 2
2026-10-05T00:42:17+00:00 INFO    [run=974633dfaf6844bbb4d4a2c935ce3aa3 phase=fetch event=progress.updated] 正在进行获取订阅源  2/3 (66%)  剩余 1
2026-10-05T00:42:17+00:00 INFO    [run=974633dfaf6844bbb4d4a2c935ce3aa3 phase=fetch event=progress.updated] 正在进行获取订阅源  3/3 (100%)  剩余 0
2026-10-05T00:42:17+00:00 INFO    [run=974633dfaf6844bbb4d4a2c935ce3aa3 phase=fetch event=sources.subscribe.finished] 订阅源: ✅ 有效地址数量：3，⛔ 停用地址数量：0
2026-10-05T00:42:17+00:00 INFO    [run=974633dfaf6844bbb4d4a2c935ce3aa3 phase=fetch event=progress.finished] 正在进行获取订阅源  3/3  未匹配 1211
2026-10-05T00:42:35+00:00 INFO    [run=974633dfaf6844bbb4d4a2c935ce3aa3 phase=aggregate event=channels.aggregated] 频道数据聚合完成：94 个频道，284 个接口（IPv4 284 / IPv6 0）
2026-10-05T00:42:35+00:00 INFO    [run=974633dfaf6844bbb4d4a2c935ce3aa3 phase=speed_test event=speed_test.planned] 总接口数量: 263, 需要进行测速的接口数量: 263
2026-10-05T00:42:35+00:00 INFO    [run=974633dfaf6844bbb4d4a2c935ce3aa3 phase=speed_test event=progress.started] 测速  0/263
2026-10-05T00:42:35+00:00 INFO    [run=974633dfaf6844bbb4d4a2c935ce3aa3 phase=speed_test event=progress.updated] 测速  1/263 (0%)  有效 1  失败 0  CCTV-2
2026-10-05T00:42:44+00:00 INFO    [run=974633dfaf6844bbb4d4a2c935ce3aa3 phase=speed_test event=progress.updated] 测速  27/263 (10%)  有效 16  失败 11  CCTV-5
2026-10-05T00:42:51+00:00 INFO    [run=974633dfaf6844bbb4d4a2c935ce3aa3 phase=speed_test event=progress.updated] 测速  53/263 (20%)  有效 35  失败 18  CCTV-5+
2026-10-05T00:43:03+00:00 INFO    [run=974633dfaf6844bbb4d4a2c935ce3aa3 phase=speed_test event=progress.updated] 测速  79/263 (30%)  有效 48  失败 31  CCTV-16
2026-10-05T00:43:10+00:00 INFO    [run=974633dfaf6844bbb4d4a2c935ce3aa3 phase=speed_test event=progress.updated] 测速  106/263 (40%)  有效 68  失败 38  广东卫视
2026-10-05T00:43:16+00:00 INFO    [run=974633dfaf6844bbb4d4a2c935ce3aa3 phase=speed_test event=progress.updated] 测速  132/263 (50%)  有效 87  失败 45  东方卫视
2026-10-05T00:43:25+00:00 INFO    [run=974633dfaf6844bbb4d4a2c935ce3aa3 phase=speed_test event=progress.updated] 测速  158/263 (60%)  有效 103  失败 55  河北卫视
2026-10-05T00:43:31+00:00 INFO    [run=974633dfaf6844bbb4d4a2c935ce3aa3 phase=speed_test event=progress.updated] 测速  185/263 (70%)  有效 123  失败 62  宁夏卫视
2026-10-05T00:43:37+00:00 INFO    [run=974633dfaf6844bbb4d4a2c935ce3aa3 phase=speed_test event=progress.updated] 测速  211/263 (80%)  有效 145  失败 66  深圳卫视
2026-10-05T00:43:44+00:00 INFO    [run=974633dfaf6844bbb4d4a2c935ce3aa3 phase=speed_test event=progress.updated] 测速  237/263 (90%)  有效 162  失败 75  云南卫视
2026-10-05T00:43:56+00:00 INFO    [run=974633dfaf6844bbb4d4a2c935ce3aa3 phase=speed_test event=progress.updated] 测速  263/263 (100%)  有效 174  失败 89  浙江经济生活
2026-10-05T00:43:56+00:00 INFO    [run=974633dfaf6844bbb4d4a2c935ce3aa3 phase=speed_test event=speed_test.artifacts_written] 测速明细已写入 output/log/speed_test.log，有效结果已写入 output/log/result.log
2026-10-05T00:43:56+00:00 INFO    [run=974633dfaf6844bbb4d4a2c935ce3aa3 phase=speed_test event=progress.finished] 测速  263/263  有效 174  失败 89
2026-10-05T00:43:57+00:00 INFO    [run=974633dfaf6844bbb4d4a2c935ce3aa3 phase=output event=output.written] 结果文件生成完成：更新 3 个文件
2026-10-05T00:43:57+00:00 INFO    [run=974633dfaf6844bbb4d4a2c935ce3aa3 phase=statistics event=statistics.finished] 频道统计完成：测试 263，有效 174
2026-10-05T00:43:57+00:00 INFO    [run=974633dfaf6844bbb4d4a2c935ce3aa3 phase=complete event=run.summary] 更新摘要
2026-10-05T00:43:57+00:00 INFO    [run=974633dfaf6844bbb4d4a2c935ce3aa3 phase=complete event=run.finished] 更新完成！总耗时：01:40
2026-10-06T02:10:37+00:00 INFO    [event=application.started] IPTV-API 版本: 3.0.0 (构建时间: 2026-08-07 11:45:59)
2026-10-06T02:10:37+00:00 INFO    [phase=prepare event=network.ipv6.checking] 🛜 正在检查当前网络是否支持IPv6...
2026-10-06T02:10:37+00:00 WARNING [phase=prepare event=network.ipv6.unsupported] 当前网络不支持IPv6，别担心，IPv6的结果会被保存下来
2026-10-06T02:10:37+00:00 INFO    [run=0ae5c5b119034664bcfeccf09036f243 phase=prepare event=run.started] 性能模式: auto → balance，可用资源: 4.0 CPU / 15.61 GB，并发: 测速 8、媒体探测 2、源抓取 8
2026-10-06T02:10:37+00:00 INFO    [run=0ae5c5b119034664bcfeccf09036f243 phase=prepare event=channels.catalog_loaded] 频道目录已加载：白名单 0，黑名单 2，台标 21
2026-10-06T02:10:37+00:00 INFO    [run=0ae5c5b119034664bcfeccf09036f243 phase=fetch event=sources.subscribe.summary] 订阅源数量：3，订阅白名单数量：0，停用地址数量：0，有效总数量：3
2026-10-06T02:10:37+00:00 INFO    [run=0ae5c5b119034664bcfeccf09036f243 phase=fetch event=progress.started] 正在进行获取订阅源  0/3
2026-10-06T02:10:37+00:00 INFO    [run=0ae5c5b119034664bcfeccf09036f243 phase=fetch event=sources.epg.summary] EPG源数量：1，EPG白名单数量：0，停用地址数量：0，有效总数量：1
2026-10-06T02:10:37+00:00 INFO    [run=0ae5c5b119034664bcfeccf09036f243 phase=fetch event=progress.started] 正在进行获取EPG源  0/1
2026-10-06T02:10:37+00:00 WARNING [run=0ae5c5b119034664bcfeccf09036f243 phase=fetch event=request.retrying] 🔄 请求http://e.erw.cc/e.xml.gz失败，正在进行第1次重试...
2026-10-06T02:10:38+00:00 ERROR   [run=0ae5c5b119034664bcfeccf09036f243 phase=fetch event=source.parse_failed] http://e.erw.cc/e.xml.gz 出错：❌ 请求http://e.erw.cc/e.xml.gz失败，已达到最大重试次数
2026-10-06T02:10:38+00:00 INFO    [run=0ae5c5b119034664bcfeccf09036f243 phase=fetch event=progress.updated] 正在进行获取EPG源  1/1 (100%)  剩余 0
2026-10-06T02:10:38+00:00 INFO    [run=0ae5c5b119034664bcfeccf09036f243 phase=fetch event=sources.epg.finished] EPG源: ✅ 有效地址数量：1，⛔ 停用地址数量：0
2026-10-06T02:10:38+00:00 INFO    [run=0ae5c5b119034664bcfeccf09036f243 phase=fetch event=progress.finished] 正在进行获取EPG源  1/1  匹配 0 个频道
2026-10-06T02:10:39+00:00 INFO    [run=0ae5c5b119034664bcfeccf09036f243 phase=fetch event=progress.updated] 正在进行获取订阅源  1/3 (33%)  剩余 2
2026-10-06T02:10:39+00:00 INFO    [run=0ae5c5b119034664bcfeccf09036f243 phase=fetch event=progress.updated] 正在进行获取订阅源  2/3 (66%)  剩余 1
2026-10-06T02:10:39+00:00 INFO    [run=0ae5c5b119034664bcfeccf09036f243 phase=fetch event=progress.updated] 正在进行获取订阅源  3/3 (100%)  剩余 0
2026-10-06T02:10:39+00:00 INFO    [run=0ae5c5b119034664bcfeccf09036f243 phase=fetch event=sources.subscribe.finished] 订阅源: ✅ 有效地址数量：3，⛔ 停用地址数量：0
2026-10-06T02:10:39+00:00 INFO    [run=0ae5c5b119034664bcfeccf09036f243 phase=fetch event=progress.finished] 正在进行获取订阅源  3/3  未匹配 1211
2026-10-06T02:10:54+00:00 INFO    [run=0ae5c5b119034664bcfeccf09036f243 phase=aggregate event=channels.aggregated] 频道数据聚合完成：94 个频道，284 个接口（IPv4 284 / IPv6 0）
2026-10-06T02:10:54+00:00 INFO    [run=0ae5c5b119034664bcfeccf09036f243 phase=speed_test event=speed_test.planned] 总接口数量: 263, 需要进行测速的接口数量: 263
2026-10-06T02:10:54+00:00 INFO    [run=0ae5c5b119034664bcfeccf09036f243 phase=speed_test event=progress.started] 测速  0/263
2026-10-06T02:10:55+00:00 INFO    [run=0ae5c5b119034664bcfeccf09036f243 phase=speed_test event=progress.updated] 测速  1/263 (0%)  有效 1  失败 0  CCTV-1
2026-10-06T02:11:05+00:00 INFO    [run=0ae5c5b119034664bcfeccf09036f243 phase=speed_test event=progress.updated] 测速  27/263 (10%)  有效 16  失败 11  CCTV-6
2026-10-06T02:11:13+00:00 INFO    [run=0ae5c5b119034664bcfeccf09036f243 phase=speed_test event=progress.updated] 测速  53/263 (20%)  有效 34  失败 19  CCTV-9
2026-10-06T02:11:27+00:00 INFO    [run=0ae5c5b119034664bcfeccf09036f243 phase=speed_test event=progress.updated] 测速  79/263 (30%)  有效 45  失败 34  CCTV-15
2026-10-06T02:11:38+00:00 INFO    [run=0ae5c5b119034664bcfeccf09036f243 phase=speed_test event=progress.updated] 测速  106/263 (40%)  有效 62  失败 44  湖南卫视
2026-10-06T02:11:45+00:00 INFO    [run=0ae5c5b119034664bcfeccf09036f243 phase=speed_test event=progress.updated] 测速  132/263 (50%)  有效 80  失败 52  东方卫视
2026-10-06T02:11:55+00:00 INFO    [run=0ae5c5b119034664bcfeccf09036f243 phase=speed_test event=progress.updated] 测速  158/263 (60%)  有效 98  失败 60  河北卫视
2026-10-06T02:12:01+00:00 INFO    [run=0ae5c5b119034664bcfeccf09036f243 phase=speed_test event=progress.updated] 测速  185/263 (70%)  有效 115  失败 70  宁夏卫视
2026-10-06T02:12:09+00:00 INFO    [run=0ae5c5b119034664bcfeccf09036f243 phase=speed_test event=progress.updated] 测速  211/263 (80%)  有效 134  失败 77  四川卫视
2026-10-06T02:12:16+00:00 INFO    [run=0ae5c5b119034664bcfeccf09036f243 phase=speed_test event=progress.updated] 测速  237/263 (90%)  有效 156  失败 81  新疆卫视
2026-10-06T02:12:28+00:00 INFO    [run=0ae5c5b119034664bcfeccf09036f243 phase=speed_test event=progress.updated] 测速  263/263 (100%)  有效 165  失败 98  浙江数码时代
2026-10-06T02:12:28+00:00 INFO    [run=0ae5c5b119034664bcfeccf09036f243 phase=speed_test event=speed_test.artifacts_written] 测速明细已写入 output/log/speed_test.log，有效结果已写入 output/log/result.log
2026-10-06T02:12:28+00:00 INFO    [run=0ae5c5b119034664bcfeccf09036f243 phase=speed_test event=progress.finished] 测速  263/263  有效 165  失败 98
2026-10-06T02:12:28+00:00 INFO    [run=0ae5c5b119034664bcfeccf09036f243 phase=output event=output.written] 结果文件生成完成：更新 3 个文件
2026-10-06T02:12:29+00:00 INFO    [run=0ae5c5b119034664bcfeccf09036f243 phase=statistics event=statistics.finished] 频道统计完成：测试 263，有效 165
2026-10-06T02:12:29+00:00 INFO    [run=0ae5c5b119034664bcfeccf09036f243 phase=complete event=run.summary] 更新摘要
2026-10-06T02:12:29+00:00 INFO    [run=0ae5c5b119034664bcfeccf09036f243 phase=complete event=run.finished] 更新完成！总耗时：01:51
